url,Advertisment_Title,,
https://www.youtube.com/watch?v=biFxeKpnv6Q,????????? ??? ????? ????? ????? ??????,,
https://www.youtube.com/watch?v=tW8b1bnDtoY,?????? ?? ??? ?? ???? ?? ?? ????? ????? ???????? ????? ????,,
https://www.youtube.com/watch?v=M6UOg1MVYM4,????? ?????  ??? ????? ?? ?????? ????? ??????? ??????? ?????? ??????? ??? ????? ??? ?????? ????? ??,,
https://www.youtube.com/watch?v=XeFrGW0dr3k,????? ?????  ??? ????? ?? ?????? ????? ??????? ??????? ?????? ??????? ????? ??? ?????? ????? ??,,
https://www.youtube.com/watch?v=Jc2u8jMXMAk,????? ??? ??? ????? ?????? ??? ???  ??? ???? ????? ????? ?? ??????,,
https://www.youtube.com/watch?v=BsRij_L46Tg,??????  ????? ??????? ?????? ??????,,
https://www.youtube.com/watch?v=pQrN-UPV4BI,????? ??? ??? ??? ???? ??? ?????? ????,,
https://www.youtube.com/watch?v=hdGTXJYBO1Q,???? ????? ??? ???? ???? ????? ?????? ???? ?? ???? ?? ???,,
https://www.youtube.com/watch?v=GL90A03cMdU,?2015 ??? ??? ?????? ???? ??? ????? ???? ???? ????,,
https://www.youtube.com/watch?v=cN-nLQQ-_lo,??? ?? ???? ?? ??????  ?????? ???? ???,,
https://www.youtube.com/watch?v=DJK14JApOZk,??? ??? ???  ??? ????? ?? ????? ???? ??????,,
https://www.youtube.com/watch?v=h3qCjPFBqGs,??????? ?????? ?? ?? ????? ???? ???? ??? ??? ???? ???,,
https://www.youtube.com/watch?v=RxgmeHREpMs,??? ???? ????? ????? ???? ?????? ?????,,
https://www.youtube.com/watch?v=rgG-zLNsni8,???????? ????? ??? ??? ???? ??? ?? ?? ?? ???? ?? ?????? ????,,
https://www.youtube.com/watch?v=s-xf8lwnLYc,??? ?????? ????? ????????? ???  ????? ??? ?????,,
https://www.youtube.com/watch?v=AH71IkFn7UE,???? ?????,,
https://www.youtube.com/watch?v=qAhAEPrwKWs,?????? ?? ?? ????? ????? ??? ?? ???? ????? ??????? ????????,,
https://www.youtube.com/watch?v=hS6e4bnOdXs,??? ?? ??? ??,,
https://www.youtube.com/watch?v=Z25XJeovdI8,????? ???? ?????? ??????,,
https://www.youtube.com/watch?v=m-IuvwscDso,???? ???? ??? ??? ???? ????? ???? ??? ?????? ???,,
https://www.youtube.com/watch?v=p_uEhVNgirM,???? ???? ??? ??? ????? ???? ?? ??? ????!,,
https://www.youtube.com/watch?v=M627PYNTQQA,????? ?? ??? ?????,,
https://www.youtube.com/watch?v=XjIU75YwOT4,????? ?? ???? ?????? ???? ???? ???? ?????,,
https://www.youtube.com/watch?v=7bWJZSYk43g,??????? ?????? ????? ???? ????,,
https://www.youtube.com/watch?v=hKLCUmUU4jY,???? ??????? ??????? ???? ???? ????? ????,,
https://www.youtube.com/watch?v=DceauP8wfTs,?????? ??????  ????? ??,,
https://www.youtube.com/watch?v=buDlXiJCvLg,???? ???,,
https://www.youtube.com/watch?v=LtOfmzSqzmg,???? ??? ?????? ?? ???? ?????? ?? ??????? ????? ?? 604 ????,,
https://www.youtube.com/watch?v=Y9VVlHOksc4,?????? ?? ??,,
https://www.youtube.com/watch?v=vgQf9CYup8Y,?????? ?? ??,,
https://www.youtube.com/watch?v=DZHj7cIvuVo,?? ???? ????? ??????,,
https://www.youtube.com/watch?v=l8ACggnUb7E,? ??? ?????? ???? ???? ????? ?????? ????? ??????? ?? ????? ??? ??? ??????,,
https://www.youtube.com/watch?v=MbHBVMHAOQ8,??????? ??????? ???? ?? ??? ?????? ?2015 ??? ?? ?????? ??? ???? ?? ????,,
https://www.youtube.com/watch?v=v_OqVpcQlTA,?????? 5G ??????,,
https://www.youtube.com/watch?v=GROVyXGU5CQ,???? ?5? ?????? ???-???,,
https://www.youtube.com/watch?v=H1tsEcHF26c,????? ?? ??? ???? ??? ?????,,
https://www.youtube.com/watch?v=kelmWvIXRK4,?5G ????? ???? ??? ???? ???? ?????? ?? ??? ?????,,
https://www.youtube.com/watch?v=XeHq0Qvwv8Q,??????? ?????? ?????? ???-???,,
https://www.youtube.com/watch?v=IYZ6NTp0Vwc,??? ????? ??????? ???? ????? ??????,,
https://www.youtube.com/watch?v=9ds6fAZtZGs,???? ?? ???? ???? ????? ?????? ???? ??????? ?????? ????? ?????? ??? ???,,
https://www.youtube.com/watch?v=i2CZNH5Ft8k,???? ?? ?????? ????? ????,,
https://www.youtube.com/watch?v=VQCHfBbPYaE,???? ????? ???? ????????? ???? ???? ????,,
,,,
https://www.youtube.com/watch?v=SVfwrDNM93s,????? ?????? ?5G ????? ???? ?? ??????? ???? ???,,
https://www.youtube.com/watch?v=syIDbF1u5OA,???? ?? ????? ??? ???? ????,,
https://www.youtube.com/watch?v=80q2ZjhZlBA,???? ?????? ???? ???? ????,,
https://www.youtube.com/watch?v=YjNceA0amh8,??.?.?.? ???? ????? ??? ?? ?? ?????? ??? ?? ???? ????? ???? ???? ???? ??????? ????? ???? ?????? ????,,
https://www.youtube.com/watch?v=KPS0AHYPHcw,????? ???? ?????? ?????,,
https://www.youtube.com/watch?v=dYrnpIdDLz8,???? ????? ???,,
https://www.youtube.com/watch?v=P3Ecj1Zc_Ac,???? ???? ?????? ?? ??? ?? ????? ????? ???? ???????,,
https://www.youtube.com/watch?v=BES2t7KsDjc,?????? ?? ???? ???? ????? ???? ???? ?????? ?? ???? ???? ?????? ???? ????? ???,,
https://www.youtube.com/watch?v=6OnuPvuLDPo,???? ???? ?3 ??? ?? 2025 ????? ?????,,
https://www.youtube.com/watch?v=ZkMhZQLFfxE,???? ????? ???,,
https://www.youtube.com/watch?v=Bow8fsN4er0,????? ???? ?????? ?? ??? ???? ?? ????? ??? ??? ????? ????? ???? ??? ???? ?? ??? ????? ??? ???,,
https://www.youtube.com/watch?v=aUBJKemHFbQ,?? ???? ????? ???? ??? ????? ?????? ????,,
https://www.youtube.com/watch?v=6By8VdA_0Nc,?? ???? ????? ??? ?????? *999# ?? ????? ?????,,
https://www.youtube.com/watch?v=cWOylzpsCPM,?? ???? ????? ??? ?????? *999# ?? ?????  ????? ????,,
https://www.youtube.com/watch?v=iJNfEUB67mA,???? ?? ??? ???? ????? ????,,
https://www.youtube.com/watch?v=PPrriVsA6jY,??? ??? ???????? ???? ??? ????? ????,,
https://www.youtube.com/watch?v=oEksxp0Qo0k,??? ???? ???? ??? ???? ???,,
https://www.youtube.com/watch?v=RxT3uEIJaXc,??? ??? ??????    ???? ?? ?? ???? ????? ??????????,,
https://www.youtube.com/watch?v=C2fvWcxrm5w,??? ??? ?? ????? ????? ???? ???? ?????? ??? ?????? ????? ???? ???!,,
https://www.youtube.com/watch?v=MODb9HTAWp8,???? ???? ??? ?????? ???? ??? ???,,
https://www.youtube.com/watch?v=chq7BoUBuPk,???? ??? ???? ??? ?????? ???? ????  ?????? ???????? ??? ??? ?? ??? ????? ???? ??????,,
https://www.youtube.com/watch?v=e1a37iK94TU,??? ???? ??????? ??? ?? ?? ?????? ????? ???? ??? ??? ????? ??? ???? ??????,,
https://www.youtube.com/watch?v=zpzSPpsWuvg,????? ??? ??? ??? ???? ???? ????? ???? ????? ??? ??? ??????? ??????,,
https://www.youtube.com/watch?v=AikV_WP6Hvo,???? ????? ?????? ????? ???? ??? ???,,
https://www.youtube.com/watch?v=D-rLg9aZFdE,????? ??? ?????    ???? ?? ??? ?? ????? ??? ???? ??? ??? ??????!??????? ????? ?? ?? ??????,,
https://www.youtube.com/watch?v=hTABKgZLdMU,???? ???? ?? ????? ??? ???? ???? ?????? ?????? ???? ??? ??? ??? ???????? ?? ?? ?????  ????,,
https://www.youtube.com/watch?v=F4dirSrn24I,????? ???? ????? ????? ?????? ????? ???? ?????? ??,,
https://www.youtube.com/watch?v=3AtJAYbk9V8,????? ??? ?????? ???? ??? ??????? ???????? ?? ?????? ?????? ???,,
https://www.youtube.com/watch?v=6G51e6Xoba4,????? ????? ???? ???? ??? ?? ??????? ???? ???? ????? ??? ????? ???,,
https://www.youtube.com/watch?v=uV_9mY9plYY,??????? ???? ???? ?????? ???? ???? ?? ??? ?? ????? ????? ????? ????? ????? ?????? 5% ???? ???? ???!,,
https://www.youtube.com/watch?v=UVroWd6eEfA,????? ???? ?????? ???? ?????? ???? ????? ?????? ???-???,,
https://www.youtube.com/watch?v=Pph4ZGwi6RM,?? ??? ?????? ??? ???? ???? ? ?? ?? ???? ????,,
https://www.youtube.com/watch?v=CRI1IksNqmU,????? ????? ???? ???? ?? ?????? ??????? ???,,
https://www.youtube.com/watch?v=uLfqkcDDeWE,????? ????? ??????? ???? ??? ???? ????? ?? ???? ???? ?????? ????,,
https://www.youtube.com/watch?v=cpIpZfg6uFo,?????? ?????? ??? ???????? ?????? ?? ????,,
https://www.youtube.com/watch?v=RjR-oIJFtu0,????? ????? ?????? ??? ????? ??-???? ?? ?? ???? ??? ???? ??? ?? ?? ????? ??????? ?????,,
https://www.youtube.com/watch?v=e2vBUTPDbGM,????? ????? ?????? ??? ????? ??-???? ?? ?/? ???? ?? ?????? ???? ??? ?? ??????? ?????,,
https://www.youtube.com/watch?v=1S4ZVOqQkDM,??? ????? ?????? ??????!???? ????? ???? ???? ?????? ?????? ????,,
https://www.youtube.com/watch?v=wbLNiqnz03c,????? ????? ?????? ?????? ????,,
https://www.youtube.com/watch?v=gcvXkEsNFlU,?5? ?????? ????,,
https://www.youtube.com/watch?v=Lai2J2Ws6iw,???? ??? ????? ????? ??????? ??? ????,,
https://www.youtube.com/watch?v=HFLzXvJgZYU,???? ???? ?2014  ??? ??? ??? ?????,,
https://www.youtube.com/watch?v=FCh-WgBMN50,??? ???? ????? ???? ??? ??? ????? ??????? ?? ???? ?????? ???? ??? ?????,,
https://www.youtube.com/watch?v=fLDAO9Ejcz8,????? ??? ??? ???? ????? ???? ???? ????? ???? ???? ???????? ????,,
https://www.youtube.com/watch?v=KLBNSRtvavc,??? ????? ?????? ?????? ????? ?????? ???? ??,,
https://www.youtube.com/watch?v=dxQfo3yqnf0,??? ????? ?? ?? ????? ?? ??,,
https://www.youtube.com/watch?v=3z-b7ZQmZ0k,??? ????? ??????,,
https://www.youtube.com/watch?v=Mkw-5gx9xKI,??? ??.?.? ?????? ?????,,
https://www.youtube.com/watch?v=j5euV5U8oRE,?????? ?? ???????? ??????,,
https://www.youtube.com/watch?v=rYoNQVK-v_8,??? ???? ???,,
https://www.youtube.com/watch?v=6v19wKjE2X4,????? ???? ?? ???,,
https://www.youtube.com/watch?v=NoJSwuNT5Jc,?????? ?? ?????? ???? ?????? ?? ??????,,
https://www.youtube.com/watch?v=O0CeGQZGP-0,????? ?? ??????? ????? ???,,
https://www.youtube.com/watch?v=Q0lKrkIuKuo,????? ??? ????,,
https://www.youtube.com/watch?v=hs3wzHBZ9Zc,????? ????? ???,,
https://www.youtube.com/watch?v=NU3da7g7PM8,?????? ???? ? ??? ??,,
https://www.youtube.com/watch?v=CcfIiFR2hIw,?????? ?? ?? ????,,
https://www.youtube.com/watch?v=YDAyjqTYYWI,?????? ??? ???? ??????? ?? ???,,
https://www.youtube.com/watch?v=BETvT1fgZww,???? ?????? ??????,,
https://www.youtube.com/watch?v=M9z2QgNngZA,????? ???? ????????,,
https://www.youtube.com/watch?v=Jy7Kr2AyBeM,??? ?? ???,,
https://www.youtube.com/watch?v=cCZStCRlZD0,???? ???  ??  ???,,
https://www.youtube.com/watch?v=70VwAUL9abQ,????? ??? ????,,
https://www.youtube.com/watch?v=NYaF2BHnv9k,????? ??? ??? ???,,
https://www.youtube.com/watch?v=uz9JE9iyxfI,?????? ??? ???? 75? ??? ???,,
https://www.youtube.com/watch?v=6_Z54K63eDg,??? ??? ??? ??????,,
https://www.youtube.com/watch?v=6_Z54K63eDg,??? ??? ??? ??????,,
https://www.youtube.com/watch?v=zMakxgOhLBE,???? ??,,
https://www.youtube.com/watch?v=YHSAU-9kPk8,??? ??? ??? ??????,,
https://www.youtube.com/watch?v=CUhi-5FDg5U,??? ???,,
https://www.youtube.com/watch?v=Q-bGKocRU4k,???? ????? ?? ??? ???? ???,,
https://www.youtube.com/watch?v=bDfTJTfRHPA,???? ????? ?? ??? ???? ???,,
https://www.youtube.com/watch?v=qzdh4Q5lcYk,???? ????? ?? ??? ???? ???,,
https://www.youtube.com/watch?v=D9vDmEAQSkQ,???? ????? ?? ??? ???? ???,,
https://www.youtube.com/watch?v=Z_sxOuTvpWA,??? ??,,
https://www.youtube.com/watch?v=5fl8FLfoTds,??? ????? ???,,
https://www.youtube.com/watch?v=OrQxPgBdukI,?? ???,,
https://www.youtube.com/watch?v=adZHEoMy9FI,??? ?????,,
https://www.youtube.com/watch?v=SvjoKGRpGgA,???? ???,,
https://www.youtube.com/watch?v=hP_syrLrEog,?? ?? ???? ?????,,
https://www.youtube.com/watch?v=KOe55Vu2gCg,???? ??,,
https://www.youtube.com/watch?v=mnhubXEw2gA,??? ??? ????,,
https://www.youtube.com/watch?v=Fn8O2Q5S0Lg,???? ??,,
https://www.youtube.com/watch?v=U86cRKbhiXs,?? ???? ???,,
https://www.youtube.com/watch?v=i1gqZarbiJc,??? ??? ??,,
https://www.youtube.com/watch?v=h38Q0UnRYWA,???? ???,,
https://www.youtube.com/watch?v=SBj_rgeJueU,??? ??? ???? ???? ??? ???,,
https://www.youtube.com/watch?v=gaGke1mBxls,??? ??? ???  ????19 ??????? ????? ???,,
https://www.youtube.com/watch?v=PKcYiDn6Uh0,??? ??? ???,,
https://www.youtube.com/watch?v=TUA4E9AObsE,M - ??? ???? ???,,
https://www.youtube.com/watch?v=DFIaw4utO8U,???? ?? ??? ???,,
https://www.youtube.com/watch?v=E5F41Y7jvnY,??? ???  ????? ??? ???,,
https://www.youtube.com/watch?v=6rkNqMAChi4,???? ?? ??????? ???,,
https://www.youtube.com/watch?v=LYt2f5GH6S0,?? ???,,
https://www.youtube.com/watch?v=M5xY-4YZDjw,?? ??? ??? ????? ??,,
https://www.youtube.com/watch?v=EjgHSNnCbyc,??? ???,,
https://www.youtube.com/watch?v=0YlOMfaXEcY,??? ??? ???? ?? ?????? ???? ??????.,,
https://www.youtube.com/watch?v=tCaASac9gto,????? ??? - ?????? ???,,
https://www.youtube.com/watch?v=xvHXNm873pE,??? ??? ????? ????? ??????,,
https://www.youtube.com/watch?v=Dg7HMT5DtXs,??? ??,,
https://www.youtube.com/watch?v=kjAN5ChUT54,??? ?????  ??? ?? ???? ??? ??,,
https://www.youtube.com/watch?v=9CX4U6dIXrE,??? ?? ???????? ???,,
https://www.youtube.com/watch?v=NgElJ45lJsg,????? ?????,,
https://www.youtube.com/watch?v=Frv5MBGYjnA,??? ??  ?????,,
https://www.youtube.com/watch?v=wACz0HI8koc,??? ?? ??? ???? ??? ??????,,
https://www.youtube.com/watch?v=5XeV3fMDMbc,?? ??,,
https://www.youtube.com/watch?v=9TfZKBGbUYw,??? ?? ?????,,
https://www.youtube.com/watch?v=AtP8qzExXZ4,??? ???  ????? ??????,,
https://www.youtube.com/watch?v=OeO_eDM-8LA,??? ??? - ???? ??,,
https://www.youtube.com/watch?v=hFVgWZJ1wGg,??? ??? ??????,,
https://www.youtube.com/watch?v=GukWZWwIHnQ,?????? ??? ??????,,
https://www.youtube.com/watch?v=m7U9QPy9nOw,?????? ??? ??????,,
https://www.youtube.com/watch?v=_lI5NoRPpVY,???? ?? ?? ??????,,
https://www.youtube.com/watch?v=q4xhJpO0C34,??? ??????,,
https://www.youtube.com/watch?v=Erb7F2KE3XA,????? ??? ??????,,
https://www.youtube.com/watch?v=FoGwVsBCdMo,?? ??? ???,,
https://www.youtube.com/watch?v=QuGnR0-3l68,?? ??,,
https://www.youtube.com/watch?v=NktiRqQGdF0,??? ?? ????? ??? ??????,,
https://www.youtube.com/watch?v=nJE2BxSpaac,???? ??? ??? ??????,,
https://www.youtube.com/watch?v=q7EwMtnZksQ,??? ???,,
https://www.youtube.com/watch?v=Cv-egX8y4T4,??? ???,,
https://www.youtube.com/watch?v=P67diZOTlq0,??? ??,,
https://www.youtube.com/watch?v=B5w9GtWuxkA,?? ???,,
https://www.youtube.com/watch?v=ZBMgqE8dkXA,?? ?? ??????,,
https://www.youtube.com/watch?v=xgorAdEiIKY,???? ??? ?????? ??? ?????? ????,,
https://www.youtube.com/watch?v=5nzkch2gaTU,??? ??? ?? ??,,
https://www.youtube.com/watch?v=_yw3fz3vuuM,???? ???,,
https://www.youtube.com/watch?v=_yw3fz3vuuM,???? ???,,
https://www.youtube.com/watch?v=F9fHU1ToTgo,?????,,
https://www.youtube.com/watch?v=qauqMz8yCPI,??? ???,,
https://www.youtube.com/watch?v=1L-sMafZwX8,????? ???,,
https://www.youtube.com/watch?v=HwpsJUTzyTc,??? ???,,
https://www.youtube.com/watch?v=qK6x9J5KCkQ,?????? ???,,
https://www.youtube.com/watch?v=BhsUpZ0WSbI,?? ??,,
https://www.youtube.com/watch?v=6GGYFPZP94s,?? ??,,
https://www.youtube.com/watch?v=IQF9gq7d2rA,?? ????,,
https://www.youtube.com/watch?v=hbaM_8abmoc,??? ????,,
https://www.youtube.com/watch?v=K2KlpErwJxQ,???,,
https://www.youtube.com/watch?v=0NeoZn8kmzM,?? ?? ??,,
https://www.youtube.com/watch?v=gK_PhR6ezi0,??,,
https://www.youtube.com/watch?v=UOm615q6q-I,?? ??,,
https://www.youtube.com/watch?v=0ck_xO_sC0A,??? ???,,
https://www.youtube.com/watch?v=KMbzAfDr3Ew,??? ???,,
https://www.youtube.com/watch?v=4M4CbSrBerU,????? ???? ??,,
https://www.youtube.com/watch?v=ZCDL1voSTe4,????,,
https://www.youtube.com/watch?v=uz4xy4sdcIM,?? ??,,
https://www.youtube.com/watch?v=z81A3cKWTbk,?????,,
https://www.youtube.com/watch?v=ht8mlAsmX4o,??? ???,,
https://www.youtube.com/watch?v=UcivBrfKBbY,?? ???,,
https://www.youtube.com/watch?v=mtQXUDGG280,?? ???,,
https://www.youtube.com/watch?v=oAc4AI28u4g,???? ??,,
https://www.youtube.com/watch?v=3Tpoe1FYaB0,??? ?? ???,,
https://www.youtube.com/watch?v=OYW5xKeQKOg,?? ???,,
https://www.youtube.com/watch?v=X8N2qyEnFvA,??? ??????,,
https://www.youtube.com/watch?v=0nqTbh0FeJ8,???? ??,,
https://www.youtube.com/watch?v=ASDXjyv1oaA,???? ???????,,
https://www.youtube.com/watch?v=yaH-wRT-NnA,?? ?? ???,,
https://www.youtube.com/watch?v=6vO_BdlX5xI,???? ????,,
https://www.youtube.com/watch?v=aMhmJ1qeCsQ,???? ????,,
https://www.youtube.com/watch?v=2CDUZGzJtEY,??? ? ???,,
https://www.youtube.com/watch?v=X_vAnL0PG0M,???? ???,,
https://www.youtube.com/watch?v=M_ZEd5c6t1A,????  ????? ?????,,
https://www.youtube.com/watch?v=sQYIo787Vow,???? ??? ????? ??,,
https://www.youtube.com/watch?v=zHUrisxUsUc,????? ???? ???? ???? ???? ???? ??,,
https://www.youtube.com/watch?v=wyE9TSd2SBw,???? ??? ?? ???? ??? ??????? ???? ????,,
https://www.youtube.com/watch?v=Zk35rg-uFoc,??? ???,,
https://www.youtube.com/watch?v=AtP8qzExXZ4,??? ???  ,,
https://www.youtube.com/watch?v=_N1HOrAJq5c,?? ?? ???,,
https://www.youtube.com/watch?v=0hjN9bKuITY,?? ??? ????????,,
https://www.youtube.com/watch?v=-WV343xbycg,?????? ??? ????,,
https://www.youtube.com/watch?v=ZNJMqpjD68Y,??????  ?????,,
https://www.youtube.com/watch?v=5YDvWvGNJ8o,?? ??? ????? ????,,
https://www.youtube.com/watch?v=Nt4SmqpjAs8,???????? ????? ???? ????? ??? ???,,
https://www.youtube.com/watch?v=5nKUedcahsg,????? ??? ????,,
https://www.youtube.com/watch?v=6ChLcZmOPEQ,??? ???,,
https://www.youtube.com/watch?v=hLJVNFqi9bY,??? ???,,
https://www.youtube.com/watch?v=hKg1yLL9Y94,???? ??? ???? ???????,,
https://www.youtube.com/watch?v=eTSahi-ulEA,???? ????  ??????? ????,,
https://www.youtube.com/watch?v=MLoL2-ofJSk,?????? ??? ???,,
https://www.youtube.com/watch?v=ZURV5ldRswM,????? ?? ???? ????,,
https://www.youtube.com/watch?v=Xv4jbFJpGNE,?? ?? ?????? ???? ???? ????? ?? ????? ???? ?????,,
https://www.youtube.com/watch?v=_PZlqI3oKm4,??? ??,,
https://www.youtube.com/watch?v=jDcITNH46xs,????? ????? ???? ?????? ?????? ?? ?????,,
https://www.youtube.com/watch?v=DL3pKl4Pv54,????? ????? ???? ??? ???? ????,,
https://www.youtube.com/watch?v=etQ4La1bx-Y,??? ????? ???? ???,,
https://www.youtube.com/watch?v=EFYBVIISeHk,??? ????? ???? ???,,
https://www.youtube.com/watch?v=-yuejOWXvE0,??? ?????,,
https://www.youtube.com/watch?v=OQsbtdKI6ts,????? ??? ???? ??? ?? ??? ?????,,
https://www.youtube.com/watch?v=25K66g8nnlo,????? ????? ??? ??? 2018 ?????? ????,,
https://www.youtube.com/watch?v=-DkOoRlefiU,????? ????? ???? ??? ????,,
https://www.youtube.com/watch?v=yvcvkOjgSm4,??? ??,,
https://www.youtube.com/watch?v=jdgWZeFfmLs,???? ??? ???,,
https://www.youtube.com/watch?v=g_bdboW1Evc,?????? ??,,
https://www.youtube.com/watch?v=ugltBuagDso,?????? ??,,
https://www.youtube.com/watch?v=h3PMIhyrLP4,???? ??,,
https://www.youtube.com/watch?v=w7pAaK80mX4,????? ??? ???? ??? ?? ??? ?????,,
https://www.youtube.com/watch?v=IybTWmdPebk,???? ??? ??? ?????!!,,
https://www.youtube.com/watch?v=oGKAqe6w-IQ,??? ?????,,
https://www.youtube.com/watch?v=k2LfyqyP3M8,???? ????? ??? ??? ??? ??????,,
https://www.youtube.com/watch?v=wTO-Dypmaes,??,,
https://www.youtube.com/watch?v=fOy6Ei55eGk,??? ?? ??? ?????? ????? ???,,
https://www.youtube.com/watch?v=RcxZTVD5z8Y,?? ?? ?????? ??,,
https://www.youtube.com/watch?v=NfxINhWXE8k,??? ????? ??,,
https://www.youtube.com/watch?v=QiGPMNJNo40,????? ??? ???? ??? ???? ??? ???,,
https://www.youtube.com/watch?v=NC2dO1gIg8U,???? ????? ????? ??? ??????,,
https://www.youtube.com/watch?v=wipXBYipMYI,???? ??,,
https://www.youtube.com/watch?v=39UokNfw1jY,????? ???? ?? ??? ??? ??? ??? ??????,,
https://www.youtube.com/watch?v=uIuHyV6Vx1c,????? ??? ????? ??????,,
https://www.youtube.com/watch?v=GioflNIjBYw,???? ??? ??????,,
https://www.youtube.com/watch?v=1OMsB0ZwPoU,??? ??? ?? ???,,
https://www.youtube.com/watch?v=v0MNUMa6JkI,????? ???? ???? ???? ???,,
https://www.youtube.com/watch?v=J9YMA4cmNnE,????? ???? ???? ???? ????,,
https://www.youtube.com/watch?v=trnAlpBhHM0,????? ???? ???? ???? ???,,
https://www.youtube.com/watch?v=JU8LBkJLoD8,????? ???? ???? ???? ???,,
https://www.youtube.com/watch?v=uPYQbnbw8b8,????? ???? ???? ???? ???,,
https://www.youtube.com/watch?v=OC9ZSBeSU6I,???? ??? ?????,,
https://www.youtube.com/watch?v=Qs89zKdcNXM,???? ??? ??? ???,,
https://www.youtube.com/watch?v=kYC7WpBhTOs,????? ?????,,
https://www.youtube.com/watch?v=SxxGH-Cvwc8,? ???? ?????,,
https://www.youtube.com/watch?v=FEfsNJpICsE,???? ???? ???? ??????,,
https://www.youtube.com/watch?v=PLb8xooBHHk,??? ?? ???? ???? ???? ????,,
https://www.youtube.com/watch?v=KxXCOpHbrLo,????? ?? ????? ??? ???? ???,,
https://www.youtube.com/watch?v=iEyYQOjidvc,????,,
https://www.youtube.com/watch?v=Hr8xCaPgZAA,??? ????? ??? ???,,
https://www.youtube.com/watch?v=bPBrVGIYOQE,??? ???? 5? ???? ????,,
https://www.youtube.com/watch?v=s1OXczM_eQI,10?? ??? ???? ????,,
https://www.youtube.com/watch?v=6YUaFd87D50,??? ??? ??? ?????,,
https://www.youtube.com/watch?v=xq-MhrnqK7c,??? ???? ??? ??? ????? ?? ???? (??) ????? ??? ???,,
https://www.youtube.com/watch?v=PS2vmzEnU1k,??? ???,,
https://www.youtube.com/watch?v=tbn5rhWUHtM,??? ???,,
https://www.youtube.com/watch?v=oLvz_Bl6BUo,??????? ???  ???? ??? ??? ?????? ???,,
https://www.youtube.com/watch?v=tfx65wbUyqc,????? ????,,
https://www.youtube.com/watch?v=OlWh-R-LWjY,???? ????? ????,,
https://www.youtube.com/watch?v=FcP4tGwaKpk,???? ????,,
https://www.youtube.com/watch?v=sHi3eoI8-Rs,??? ????? ??? ?????? ????? ?????? ??? ???? ???,,
https://www.youtube.com/watch?v=xWf38-eX0VU,??????? ??? ????? ???? ???? ?????,,
https://www.youtube.com/watch?v=HQZOqMHD1vc,????? ??? ?? ????? ???? ???,,
https://www.youtube.com/watch?v=lGj42-FEKjg,????? ??? ??? ??????? ?????? ??????,,
https://www.youtube.com/watch?v=W_DvDLUsTTk,?? ??? ?????,,
https://www.youtube.com/watch?v=ER7iGcEUgRs,? ??? ?? ??,,
https://www.youtube.com/watch?v=pgRIEWbY7h4,?? ?? ???,,
https://www.youtube.com/watch?v=uBGV_KVRsjc,???? ???? ????? ?????,,
https://www.youtube.com/watch?v=guXe96qqLlc,???? ???? ????? ?????,,
https://www.youtube.com/watch?v=iqyTZOWrI6I,???? ?? ??? ?? ????,,
https://www.youtube.com/watch?v=mS4ZZ4eLDLs,????? ???? ?????,,
https://www.youtube.com/watch?v=J4yesIuniDM,???? ?? ????,,
https://www.youtube.com/watch?v=pbsMSHDwKMs,???? ?? ????,,
https://www.youtube.com/watch?v=BrkpVo0ybmQ,????? ????? ????-19 ????? ???? ????,,
https://www.youtube.com/watch?v=gQvbN0cFuIA,??? ??? ??? ? ??,,
https://www.youtube.com/watch?v=SBYAGGWpD7U,???? 19 ???? ???,,
https://www.youtube.com/watch?v=3Hqk-316bns,??? ??? ??? ??,,
https://www.youtube.com/watch?v=zBlV_TUnNU0,???? ???,,
https://www.youtube.com/watch?v=ufZtFToHwbs,?????? ???? ??????,,
https://www.youtube.com/watch?v=NKN1syFMh1Q,???? ???,,
https://www.youtube.com/watch?v=1BJfKPl3rOA,??? ????,,
https://www.youtube.com/watch?v=fmq9htlraS8,???? ????? ???,,
https://www.youtube.com/watch?v=nYcEzG7Hf5k,??? ???? ???? ?? ????,,
https://www.youtube.com/watch?v=XAH-tBmjidw,???? ??? ???? ??? ???? ?? ????,,
https://www.youtube.com/watch?v=6KQhWkADZkw,??? ???? ??????,,
https://www.youtube.com/watch?v=PsW4ymohyuE,????? ???? 7665 ????,,
https://www.youtube.com/watch?v=KbFRIQFpC44,????? ??? ? ???? ??? ????? ???,,
https://www.youtube.com/watch?v=Rk1LopW4mFg,?????? ??? ??? ?????? ???,,
https://www.youtube.com/watch?v=2L4fZwBNzIM,? ???? ?????? ??????,,
https://www.youtube.com/watch?v=2PWxqjh21ls,?? ???? ? ??????,,
https://www.youtube.com/watch?v=JPguq17ui_s,??? ???? ???,,
https://www.youtube.com/watch?v=Gp0Ba-3yh-U,???? ?? ??? ????,,
https://www.youtube.com/watch?v=AfInPIrIL3o,???? ?? ???? ?????? ?????? ??? ????,,
https://www.youtube.com/watch?v=rEy8e-dF3xI,??? ??????? ??? ???? ??????,,
https://www.youtube.com/watch?v=si37Ib8jxFQ,? ???? ??? ???,,
https://www.youtube.com/watch?v=x4RRXlXuFL0,???? ???,,
https://www.youtube.com/watch?v=o3gVReiOm4E,????? ???? ????? ???? ??????? ??? ???? ?? ?????,,
https://www.youtube.com/watch?v=_NC0nVYL5vg,??? ???? ????? ???? ??? ??? ???,,
https://www.youtube.com/watch?v=cTLOq5687Qg,????? ??? ???????,,
https://www.youtube.com/watch?v=zAasjJ-Zhno,?? ??,,
https://www.youtube.com/watch?v=FkPxUdqa5hI,?? ??,,
https://www.youtube.com/watch?v=xI3TcP5nhpw,??? ????,,
https://www.youtube.com/watch?v=7ZDndi4XeLs,???? ???? ???? ??? ???,,
https://www.youtube.com/watch?v=JW2kIv7fpFA,??? ???? ????? ???? ???? ???,,
https://www.youtube.com/watch?v=eQUnXkexLag,???? ????? ???? ????? ??? ??? ????.,,
https://www.youtube.com/watch?v=GXt5DlgsYes,???? ??? ??? ?? ???? ????????,,
https://www.youtube.com/watch?v=JviXq0kpOdo,??? ???? ????-19 ???? ???,,
https://www.youtube.com/watch?v=VnKVuS3dcWU,??? ??? ????-19 ???,,
https://www.youtube.com/watch?v=ZDQGYFCsQQo,????? ??? ?????,,
https://www.youtube.com/watch?v=ME3rb2kd5C8,???? ???? ???? ???,,
https://www.youtube.com/watch?v=qVT8S7leg6w,????? ??? ???,,
https://www.youtube.com/watch?v=rVSOcDKuEN0,??? ????,,
https://www.youtube.com/watch?v=rHrDq0ihYgg,????? ???? ???? ????? ????,,
https://www.youtube.com/watch?v=tKsvlHrb1uw,?? ??? 360 ??? ??? ???,,
https://www.youtube.com/watch?v=1AJLb9uk5oA,?????? ???? ???,,
https://www.youtube.com/watch?v=ufOpEynqul8,???? ???? ???? ???,,
https://www.youtube.com/watch?v=176qCYBKMz0,???? ??? 19 ??????,,
https://www.youtube.com/watch?v=eXGtIL2QPVs,??? ?? ????,,
https://www.youtube.com/watch?v=iMZBPEK9fuk,??? ?? ????,,
https://www.youtube.com/watch?v=D0Wfbd2nGIw,???? ???????? ??? ???? ????? ???,,
https://www.youtube.com/watch?v=T5ClYx2J6j0,?? ???? ?? ??????,,
https://www.youtube.com/watch?v=Vq94zwNleLA,?? ???? ?? ??????,,
https://www.youtube.com/watch?v=uygP5nd300U,UD ???????? ???,,
https://www.youtube.com/watch?v=h8N3a7QDhx4,??? ????,,
https://www.youtube.com/watch?v=bDLrH74yq9o,???? ???????? ???,,
https://www.youtube.com/watch?v=x8skIfrxZyA,???? ???????? ???,,
https://www.youtube.com/watch?v=v800yduKCp0,?? ????,,
https://www.youtube.com/watch?v=D4ZXR9iKh1Y,???? ??? ?? ???? ???? ???,,
https://www.youtube.com/watch?v=EIFQ0PSeIaE,???? ???????? ????????? ??? ???,,
https://www.youtube.com/watch?v=Ei_u5T06VHY,????? ???????? ??? ?? ???,,
https://www.youtube.com/watch?v=dWvN2JiS66c,????? ???????? ??? ???? ???????,,
https://www.youtube.com/watch?v=PTe6_oH0_KI,??? ???,,
https://www.youtube.com/watch?v=V9g4hymx0bg,?? ???? ???????,,
https://www.youtube.com/watch?v=art48FwgLpw,????? ???? ???? ??? ???? ????,,
https://www.youtube.com/watch?v=eoZyDuOI9zk,????? ???? ???? ???? ???????,,
https://www.youtube.com/watch?v=8YI_rObkEls,???? ???? ???? ??,,
https://www.youtube.com/watch?v=zra0iwiBlFQ,?? ??,,
https://www.youtube.com/watch?v=Fl4yYoG8p6w,?? ???? ?? ?????? ???,,
https://www.youtube.com/watch?v=SBWB7prSCs4,?? ???? ?? ??????,,
https://www.youtube.com/watch?v=eUZyle89vE0,?? ???? ??,,
https://www.youtube.com/watch?v=7B7Hh-Wepok,?? ?? ????? ???? ???,,
https://www.youtube.com/watch?v=A1ygAM_f55c,???? ??? ??? ?????? ?? ??,,
https://www.youtube.com/watch?v=jzkUQrK-ZPg,?? ?? ?????,,
https://www.youtube.com/watch?v=0CAse1VC_eo,?? ??,,
https://www.youtube.com/watch?v=qPZuOGvk5c8,?? ?????? ?? ???  ?????? ?? ???? ???,,
https://www.youtube.com/watch?v=N0O0HdGPyVk,??? ?? ????,,
https://www.youtube.com/watch?v=4nA8akeouGg,???? ???  ??? ????? ?????? ?????? ????? ????? ?????,,
https://www.youtube.com/watch?v=rLijKIA19XY,????? ????????,,
https://www.youtube.com/watch?v=xI3TcP5nhpw,???? ???? ?????? ?? ????? ??????? ???,,
https://www.youtube.com/watch?v=l8ACggnUb7E,? ??? ?????? ???? ???? ????? ?????? ????? ??????? ?? ????? ??? ??? ??????,,
https://www.youtube.com/watch?v=DpFXHJ6r1Lc,???  ???? ?? ?? ??? ? ??? ??? ??? ??,,
https://www.youtube.com/watch?v=0NzP5wfQEGY,???? ??????  ?? ??  ???? ?? ????? ?? ???????? ?????,,
https://www.youtube.com/watch?v=svl1oV4P2tE,??? ??? ?? ???? ?????? ??????? ?? ?????? ???,,
https://www.youtube.com/watch?v=Pwc6-TXphaE,????? ?? ???,,
https://www.youtube.com/watch?v=-5T_31Jkc8w,????? ??? ??? ???,,
https://www.youtube.com/watch?v=Erb7F2KE3XA,????? ???,,
https://www.youtube.com/watch?v=pnj45_p10iA,?????? ???,,
https://www.youtube.com/watch?v=P-L_HPNg2nI,???? ??? ?????,,
https://www.youtube.com/watch?v=6v19wKjE2X4,????? ???? ?? ???,,
https://www.youtube.com/watch?v=TUA4E9AObsE,??? ?? ???? ???,,
https://www.youtube.com/watch?v=UI9yZDVXI6A,?????? ???? ???????? ?????? ???? ????? ????,,
https://www.youtube.com/watch?v=csRt9DFjmFo,? ??? ????? ??? ????? ?? ?????? ????  ??? ?? ????,,
https://www.youtube.com/watch?v=VJTQv54lDAM,????? ??? ?? ??????,,
https://www.youtube.com/watch?v=fLDAO9Ejcz8,????? ??? ??? ??? ????? ???? ???? ????? ???? ???? ???????? ????,,
https://www.youtube.com/watch?v=Hr8xCaPgZAA,?? ????? ??? ???,,
https://www.youtube.com/watch?v=70VwAUL9abQ,????? ?? ???? ??? ???,,
https://www.youtube.com/watch?v=Hs_JkvpcnAw,????? ????? ???? ?????? ????? ????,,
https://www.youtube.com/watch?v=dPQwDT8Rvtg,?????? ????? ????,,
https://www.youtube.com/watch?v=Z19xecJVrko,???? ??? ??? ?????,,
https://www.youtube.com/watch?v=FkPxUdqa5hI,?? ??,,
https://www.youtube.com/watch?v=xjs_XdA5_XE,?????? ???? ??? ????,,
https://www.youtube.com/watch?v=dPzbKJOgpAk,?????????  ??? ?? ????,,
https://www.youtube.com/watch?v=m7U9QPy9nOw,?????? ???,,
https://www.youtube.com/watch?v=sBrFXDB5uNg,????? ?? ?????? ??? ???? ????? ????,,
https://www.youtube.com/watch?v=bGezb67gosU,?? ??? ??? ???,,
https://www.youtube.com/watch?v=5XeV3fMDMbc,?? ??? ??,,
https://www.youtube.com/watch?v=5j5YYizlH4Y,? ??? ??? ?????? ???? ??????,,
https://www.youtube.com/watch?v=0zE235W_vq0,??? ? ??? ???? ???? ???? ??????,,
https://www.youtube.com/watch?v=Afwk6yuBczo,???? ?????? ?????,,
https://www.youtube.com/watch?v=xq-MhrnqK7c,??? ???? ??? ?? ????? ?? ???? ?? ?????,,
https://www.youtube.com/watch?v=wACz0HI8koc,??? ??,,
https://www.youtube.com/watch?v=BETvT1fgZww,??? ? ??? ??? ? ???????? ??????,,
https://www.youtube.com/watch?v=zxUmv3DVlK8,???? ??? ????  ??? ????,,
https://www.youtube.com/watch?v=Uy0zG0nVjpU,???? ???? ? ??? ??? ????? ???? ??? ??? ????? ????? ????,,
https://www.youtube.com/watch?v=d8-ticz8Ayw,??????,,
https://www.youtube.com/watch?v=UlbU8yf9-yo,????? ?????,,
https://www.youtube.com/watch?v=9CtuOP467o0,?????? ????? ?????,,
https://www.youtube.com/watch?v=H4otX6qHKlE,? ????? ???? ???? ??? ????,,
https://www.youtube.com/watch?v=iEyYQOjidvc,????,,
https://www.youtube.com/watch?v=V9g4hymx0bg,?? ????,,
https://www.youtube.com/watch?v=wLS5WZVBU8Y,????? ??,,
https://www.youtube.com/watch?v=UUhA6jzOo88,????? ?? ?????? ??,,
https://www.youtube.com/watch?v=eTSahi-ulEA,????? ??  ????????  ???????????,,
https://www.youtube.com/watch?v=0as-jFWF9YU,??? ??? ??,,
https://www.youtube.com/watch?v=zBlV_TUnNU0,?? ?? ?? ????? ?? ???? ??????,,
https://www.youtube.com/watch?v=rEy8e-dF3xI,? ??????? ??? ????,,
https://www.youtube.com/watch?v=Z82c1gfBgeA,?????  ??? ???,,
https://www.youtube.com/watch?v=NrmbNiPxsBg,??????? ??? ????,,
https://www.youtube.com/watch?v=F74YCrQiFhg,??????? ????? ??????? ??????? ??? ????? ???? ??? ???? ????? ????,,
https://www.youtube.com/watch?v=zxrSO1zMyPY,????? ??? ????,,
https://www.youtube.com/watch?v=kYC7WpBhTOs,????? ?????,,
https://www.youtube.com/watch?v=hBbV5vXefrs,?? ??,,
https://www.youtube.com/watch?v=JHjzqKH2Qbc,????? ???,,
https://www.youtube.com/watch?v=oawMe4vOpIE,?? ??? ??????,,
https://www.youtube.com/watch?v=gLs2fyADV-A,???? ??? ????? ??,,
https://www.youtube.com/watch?v=OQsbtdKI6ts,????? ??? ???? ??? ?? ??? ?????,,
https://www.youtube.com/watch?v=yFrwdhHBVrA,????? ??? ??????  ?? ??? ??  ??? ???,,
https://www.youtube.com/watch?v=O0CeGQZGP-0,????? ?? ??????? ????? ???,,
https://www.youtube.com/watch?v=_PZlqI3oKm4,??? ??,,
https://www.youtube.com/watch?v=ePwzHf0et3s,????? ??????? ?????? ?  ????? ?????,,
https://www.youtube.com/watch?v=TvkY-pkO_M8,???? ???? ???? ??? ???? ?? ?????? ??????,,
https://www.youtube.com/watch?v=RxgmeHREpMs,??? ???? ????? ????? ???? ?????? ?????,,
https://www.youtube.com/watch?v=guXe96qqLlc,???? ???? ????? ?????,,
https://www.youtube.com/watch?v=MLc_NRvWHU0,????? ???? ?????,,
https://www.youtube.com/watch?v=Qs89zKdcNXM,??? ??? ??? ???,,
https://www.youtube.com/watch?v=MLoL2-ofJSk,??? ????? ??,,
https://www.youtube.com/watch?v=uGLLgd30R0k,?? ????,,
https://www.youtube.com/watch?v=nW-Mhm_BsMY,5? ?????? ?????,,
https://www.youtube.com/watch?v=Kw60z9DiesE,?? ??? ????  ?????,,
https://www.youtube.com/watch?v=_lI5NoRPpVY,???? ??,,
https://www.youtube.com/watch?v=buDlXiJCvLg,???? ???,,
https://www.youtube.com/watch?v=pPkjHdxfh5U,??? ????? ?? ??? ??? ???? ???? ??,,
https://www.youtube.com/watch?v=sHi3eoI8-Rs,????? ???,,
https://www.youtube.com/watch?v=q_bEGPZ--LQ,????? ?? ??? ???,,
https://www.youtube.com/watch?v=zCK-1pL0eZs,?????? ??? ?????,,
https://www.youtube.com/watch?v=-NkUmWdeCqQ,? ???? ????  ?????  ????? ???,,
https://www.youtube.com/watch?v=-DYv4WvdhHE,????? ???? ?????? ????,,
https://www.youtube.com/watch?v=RjR-oIJFtu0,????? ????? ?????? ??? ????? ?????? ?? ?? ???? ??? ???? ??? ?? ?? ????? ??????? ?????,,
https://www.youtube.com/watch?v=hc1iYJPsCmQ,??????? ????  ???? ?????? ??? ?????,,
https://www.youtube.com/watch?v=hLJVNFqi9bY,??? ???,,
https://www.youtube.com/watch?v=25K66g8nnlo,???? ????? ????? ??,,
https://www.youtube.com/watch?v=WKydUoO6cmg,??? ????? ??,,
https://www.youtube.com/watch?v=WDGIFvFOtUM,??????  ?? ???????,,
https://www.youtube.com/watch?v=pZXI2NLibeE,??? ????? ?????? ???,,
https://www.youtube.com/watch?v=wtZTwb0iAGk,???? ??? ?????? ??? ????,,
https://www.youtube.com/watch?v=A459bbfy1Eo,??? ???? ????? ?????? ???? ????,,
https://www.youtube.com/watch?v=xgorAdEiIKY,???? ??? ?????? ??? ?????? ????,,
https://www.youtube.com/watch?v=3Hqk-316bns,? ??? ?? ??? ??? ??,,
https://www.youtube.com/watch?v=BiuxEOnbKo4,?????? ?????  ????? ??? ???? ???? ?????,,
https://www.youtube.com/watch?v=SBWB7prSCs4,?? ???? ?? ??????,,
https://www.youtube.com/watch?v=rgG-zLNsni8,???????? ????? ??? ??? ???? ??? ?? ?? ?? ???? ?? ?????? ????,,
https://www.youtube.com/watch?v=xVDc2Nu1hG0,????? ????? ??? ?????,,
https://www.youtube.com/watch?v=hilwjn8hf6M,????? ?????? ?????? ?????? ???????,,
https://www.youtube.com/watch?v=uBGV_KVRsjc,???? ???? ????? ?????,,
https://www.youtube.com/watch?v=h3PMIhyrLP4,???? ??,,
https://www.youtube.com/watch?v=ICzajGSf7hQ,???? ?? ???? ??,,
https://www.youtube.com/watch?v=d_TEfGfqfLM,???? ????? ?????? ??????? ???? ?????,,
https://www.youtube.com/watch?v=PPrriVsA6jY,??? ???   ???????? ???? ??? ????? ????,,
https://www.youtube.com/watch?v=xgmivIbPWhA,? ????? ??? ??????  ?? ??? ??  ????,,
https://www.youtube.com/watch?v=XqhCj4BlfgY,???  ?????  ??? ??? ?? ?????? ???? ???? ???????,,
https://www.youtube.com/watch?v=Rj0B0r-uvNg,???? ???? ?? ?????,,
https://www.youtube.com/watch?v=1v0gxD1-Fjk,??? ????? ?????? ????? ??? ???????,,
https://www.youtube.com/watch?v=ZURV5ldRswM,????? ?? ???? ????,,
https://www.youtube.com/watch?v=uIuHyV6Vx1c,????? ??? ????? ??????,,
https://www.youtube.com/watch?v=AWyLLs5fio4,????? ???? ?? ??? ?? ??? ??? ?????,,
https://www.youtube.com/watch?v=6jDxDv8x5Ag,??? ????? ???? ????  ??? ?? ????,,
https://www.youtube.com/watch?v=pz6RM8K9HoE,??? ???? ??? ???,,
https://www.youtube.com/watch?v=bPBrVGIYOQE,??? ???? ? ???? ????,,
https://www.youtube.com/watch?v=xWf38-eX0VU,??????? ??? ????? ???? ???? ?????,,
https://www.youtube.com/watch?v=FCh-WgBMN50,??? ????  ????? ???? ??? ??? ????? ??????? ?? ???? ?????? ???? ??? ?????,,
https://www.youtube.com/watch?v=vvwFh7fZ214,????? ????? ??? ??????? ??????,,
https://www.youtube.com/watch?v=xnY8lqgoSkY,?????? ?????? ??? ???? ??? ??? ????? ??? ????,,
https://www.youtube.com/watch?v=w2dcre5KTk8,???????,,
https://www.youtube.com/watch?v=D9xvB5bDmDc,???? ???? ?????  ???? ??? ??? ???? ???,,
https://www.youtube.com/watch?v=XkmyO3xjWdk,?????? ????,,
https://www.youtube.com/watch?v=y7pFPTbvHy8,??? ??? ???? ??,,
https://www.youtube.com/watch?v=S4caXO9r8Wk,??? ???? ?????? ????? ???,,
https://www.youtube.com/watch?v=tlrbod1Nb0I,??? ??? ??,,
https://www.youtube.com/watch?v=-TZRDGU_eG8,?????,,
https://www.youtube.com/watch?v=X7ZTBSNQmXQ,??? ????? ??,,
https://www.youtube.com/watch?v=si37Ib8jxFQ,????,,
https://www.youtube.com/watch?v=aRI02OUXlpQ,??? ????,,
https://www.youtube.com/watch?v=P-7gZA21bGc,???? ?? ????? ??  ??? ???,,
https://www.youtube.com/watch?v=NAq7sx5FpQk,?????? ????,,
https://www.youtube.com/watch?v=M9z2QgNngZA,????? ???? ????????,,
https://www.youtube.com/watch?v=z75K4p_9L8c,????? ?? ?????? ???,,
https://www.youtube.com/watch?v=Eg_O-X2OyPU,??? ??? ???? ???? ???,,
https://www.youtube.com/watch?v=z2ovvc3TTRk,??? ???? ?????? ?????,,
https://www.youtube.com/watch?v=6YUaFd87D50,??? ??? ??? ?????,,
https://www.youtube.com/watch?v=bwtTOyPGVB4,?? ?? ????? ???,,
https://www.youtube.com/watch?v=3lETfSsrrwU,??? ????,,
https://www.youtube.com/watch?v=8L_A5Us1hKg,??? ???? ?????? ?????,,
https://www.youtube.com/watch?v=Rk1LopW4mFg,?????? ??? ?? ?????? ???,,
https://www.youtube.com/watch?v=5TRLK9Tig2Y,??? ????? ??,,
