url,Advertisment_Title,Advertisment_Description,Category
https://www.youtube.com/watch?v=biFxeKpnv6Q,የሠራተኞቻቸውን ደሞዝ በቴሌብር የሚከፍሉ ድርጅቶች ምስክርነት,,ቴክኖሎጂ
https://www.youtube.com/watch?v=tW8b1bnDtoY,ባሳለፍነው ወር ውስጥ ብቻ ሚሊዮን ብር ወጪ በማድረግ ማህበራዊ ኃላፊነታችንን ለመወጣት ችለናል,,አንቂ ንግግር
https://www.youtube.com/watch?v=M6UOg1MVYM4,ኢትዮቴል ኢኖቬሽን  ጀማሪ የዲጂታል እና የፋይናንስ ቴክኖሎጂ ቢዝነሶችንና ባለሙያዎችን የሚያግዝና የሚያበረታታ አዲስ ፕሮግራም ጀማሪ ቢዝነሶችን በማብቃት ላይ,,አንቂንግግር
https://www.youtube.com/watch?v=XeFrGW0dr3k,ኢትዮቴል ኢኖቬሽን  ጀማሪ የዲጂታል እና የፋይናንስ ቴክኖሎጂ ቢዝነሶችንና ባለሙያዎችን የሚያግዝና የሚያበረታታ ፕሮግራም ጀማሪ ቢዝነሶችን በማብቃት ላይ,,መዝናኛ
https://www.youtube.com/watch?v=Jc2u8jMXMAk,የፌዴራል ግብር ክፍያ በቴሌብር ማስጀመሪያ መርሃ ግብር  ኢትዮ ቴሌኮም ከገቢዎች ሚኒስቴር ጋር በመተባበር,,ቴክኖሎጂ
https://www.youtube.com/watch?v=BsRij_L46Tg,ቴሌክላውድ  የክላውድ አገልግሎቶች ለቢዝነስዎ ምርታማነት,,ቴክኖሎጂ
https://www.youtube.com/watch?v=pQrN-UPV4BI,በውድድር ገበያ ውስጥ ሆነን ከፍተኛ ውጤት ማስመዝገብ ችለናል,,አንቂ ንግግር
https://www.youtube.com/watch?v=hdGTXJYBO1Q,ጥምቀት የሞባይል ጥቅል በሕብረ ቀለማት አሸብርቆ ለሚከበረው ጥምቀት ሌላ ተጨማሪ ልዩ ቀለም,,መዝናኛ
https://www.youtube.com/watch?v=GL90A03cMdU,የ2015 በጀት ዓመት የመጀመሪያ መንፈቅ የሥራ አፈጻጸም ሪፖርት ጋዜጣዊ መግለጫ,,አንቂ ንግግር ፣
https://www.youtube.com/watch?v=cN-nLQQ-_lo,በዓል መሉ በኩልሄ ሆኖ እንዲከበር  የሁልጊዜም ምርጫዎ ይሁን,,መዝናኛ
https://www.youtube.com/watch?v=DJK14JApOZk,ኢዮሃ አሲና ገናዬ  ድንቅ ባህላችን ገና ጨዋታችን መልካም አውደዓመት,,መዝናኛ
https://www.youtube.com/watch?v=h3qCjPFBqGs,ቤተሰቦቻችን ከኮሜዲያን ዜዶ ጋር ያደረጉት በስጦታ የታጀበ የገና በዓል አዝናኝ ቆይታ,,አርት
https://www.youtube.com/watch?v=RxgmeHREpMs,ብሩህ ትውልድ በዲጂታል ቴክኖሎጂ የታገዘ የትምህርት ፕሮግራም,,ልጆች
https://www.youtube.com/watch?v=rgG-zLNsni8,ለቤተሰቦቻችን የተዘጋጀ የገና ስጦታ ስማርት ሰዓት ኤር ፖድ እና በርከት ያሉ የአሻምቴሌ ነጥቦች,,መዝናኛ
https://www.youtube.com/watch?v=s-xf8lwnLYc,ገናን አስመልክቶ በቴሌብር አገልግሎቶቻችን እስከ  የሚደርስ ስጦታ እንካችሁ,,መዝናኛ
https://www.youtube.com/watch?v=AH71IkFn7UE,አርዲን ተዋወቋት,,ልጆች
https://www.youtube.com/watch?v=qAhAEPrwKWs,ለመጀመሪያ ጊዜ ወደ ሃገራችን የገባውን ስልክ እና ቀደምት የቴሌኮም መሳሪያዎችን እናስጎብኛችሁ,,ቴክኖሎጂ
https://www.youtube.com/watch?v=hS6e4bnOdXs,መልቲ ሲም ምንድ ነው,,ቴክኖሎጂ
https://www.youtube.com/watch?v=Z25XJeovdI8,ቴሌብርን ይጠቀሙ በስጦታዎች ይምበሽበሹ,,ቴክኖሎጂ
https://www.youtube.com/watch?v=m-IuvwscDso,የኳታሩ የዓለም ዋንጫ ፍፃሜ ግጥሚያ ታዳሚነት እድልን ያገኙ አሸናፊዎች ተሸኙ,,ስፖርት
https://www.youtube.com/watch?v=p_uEhVNgirM,በየቀኑ በሚሰላ ወለድ ወይም ያለወለድ ከአንድ ብር ጀምሮ ይቆጥቡ!,,መዝናኛ
https://www.youtube.com/watch?v=M627PYNTQQA,በቴሌብር መላ ብድር ለመጠየቅ,,አርት
https://www.youtube.com/watch?v=XjIU75YwOT4,የቴሌብር መላ የብድር አገልግሎት ተጠቃሚ ለመሆን በቀላሉ ይመዝገቡ,,መዝናኛ
https://www.youtube.com/watch?v=7bWJZSYk43g,አብሮነታችን እንደጠበቀ ለዘመናት አብሮን የዘለቀ,,አርት
https://www.youtube.com/watch?v=hKLCUmUU4jY,ወርሃዊ የኢንተርኔት ጥቅሎቻችንን በቅናሽ ይጠቀሙ አብዝተው ያትርፉ,,ኮንስትራክሽን
https://www.youtube.com/watch?v=DceauP8wfTs,ያልተገደበ አገልግሎት  ተመጣጣኝ ዋጋ,,መዝናኛ
https://www.youtube.com/watch?v=buDlXiJCvLg,ቴሌብር ሃዋላ,,ቴክኖሎጂ
https://www.youtube.com/watch?v=LtOfmzSqzmg,በማጂክ ቮይስ ወዳጆችዎን ፈታ ያድርጉ ለመመዝገብ እና አገልግሎቱን ለማግኘት ወደ 604 ይደውሉ,,ቴክኖሎጂ
https://www.youtube.com/watch?v=Y9VVlHOksc4,አጋሮቻችን ስለ እኛ,,አንቂንግግር
https://www.youtube.com/watch?v=vgQf9CYup8Y,አጋሮቻችን ስለ እኛ,,መዝናኛ
https://www.youtube.com/watch?v=DZHj7cIvuVo,ስለ ቴሌብር አስገራሚ እውነታዎች,,መዝናኛ
https://www.youtube.com/watch?v=l8ACggnUb7E,ከ በላይ አገልግሎት ሰጪዎች በሲኔት ሶፍትዌር አማካኝነት በቴሌብር የአገልግሎት እና የግብይት ክፍያ ይፋዊ ማስጀመሪያ,,መዝናኛ
https://www.youtube.com/watch?v=MbHBVMHAOQ8,በአብሮነት፣ በመተሳሰብ፣ በፍቅር እና ደስታ ያሳለፍነው የ2015 ታላቁ ሩጫ በኢትዮጵያ ድባብ የዓመት ሰው ይበለን,,አካልብቃት
https://www.youtube.com/watch?v=v_OqVpcQlTA,ለምንድነው 5G በኢትዮጵያ,,ቴክኖሎጂ
https://www.youtube.com/watch?v=GROVyXGU5CQ,በአዳማ የ5ጂ ማስጀመሪያ መርሃ-ግብር,,ቴክኖሎጂ
https://www.youtube.com/watch?v=H1tsEcHF26c,የቴሌብር መላ ብድር መመለሻ ቀላል መንገዶች,,ቴክኖሎጂ
https://www.youtube.com/watch?v=kelmWvIXRK4,የ5G ኔትወርክ በአዳማ ከተማ መጀመር ብስራት ከአዳማዎች ጋር ምርጥ ቆይታችን,,መዝናኛ
https://www.youtube.com/watch?v=XeHq0Qvwv8Q,የቴሌክላውድ አገልግሎት ማስጀመሪያ መርሃ-ግብር,,ቴክኖሎጂ
https://www.youtube.com/watch?v=IYZ6NTp0Vwc,የጥሪ ማሳመሪያ አገልግሎትን ይጠቀሙ በሽልማት ይምበሽበሹ,,አርት
https://www.youtube.com/watch?v=9ds6fAZtZGs,በንግድ እና ቀጠናዊ ትስስር ሚኒስቴር በኦንላይን ለሚሰጡ አገልግሎቶች ክፍያዎችን በቴሌብር ማስጀመሪያ መርሃ ግብር,,መዝናኛ
https://www.youtube.com/watch?v=i2CZNH5Ft8k,ክላውድ ላይ የተመሰረተ ኮንታክት ሴንተር,,ቴክኖሎጂ
https://www.youtube.com/watch?v=VQCHfBbPYaE,በአዲሱ የሳይንስ ሙዚየም ኤግዚቢሽናችንን የጎበኙ እንዲህ ብለዋል,,ቴክኖሎጂ
https://www.youtube.com/watch?v=SVfwrDNM93s,በሳይንስ ኤግዚቢሽን የ5G ቨርቹዋል ሪያሊቲ እና ኤክስቴንድድ ሪያሊቲ ቅኝት,,ቴክኖሎጂ
https://www.youtube.com/watch?v=syIDbF1u5OA,ስማርት ሆም ቴክኖሎጂ ኑሮን እንዲህ ያቀላል,,ቴክኖሎጂ
https://www.youtube.com/watch?v=80q2ZjhZlBA,ዘመናዊ የትምህርት ስርዓት ከኢትዮ ቴሌኮም,,ልጆች
https://www.youtube.com/watch?v=YjNceA0amh8,የኢ.ፌ.ዲ.ሪ የህዝብ ተወካዮች ምክር ቤት እና የፌዴሬሽን ምክር ቤት አባላት በሳይንስ ሙዚየም የኢትዮ ቴሌኮም የቴክኖሎጂና የዲጂታል ግኝቶች ኤግዚቢሽን ጉብኝት,,ቴክኖሎጂ
https://www.youtube.com/watch?v=KPS0AHYPHcw,በሳይንስ ሙዚየም የአብሮነት ቆይታችን,,ቴክኖሎጂ
https://www.youtube.com/watch?v=dYrnpIdDLz8,መልካም የመውሊድ በዓል,,መዝናኛ
https://www.youtube.com/watch?v=P3Ecj1Zc_Ac,መውሊድ ይበልጥ እንዲደምቅ ልዩ ስጦታ እና የሞባይል ጥቅሎችን በቅናሽ አዘጋጅተናል,,መዝናኛ
https://www.youtube.com/watch?v=BES2t7KsDjc,የኢትዮጵያ እና የኬንያ መሪዎች በሳይንስ ሙዚየም ተገናኙ የኢትዮጵያ እና የኬንያ መሪዎች የኢትዮጵያ ሳይንስ ሙዚየምን ጎበኙ,,ቴክኖሎጂ
https://www.youtube.com/watch?v=6OnuPvuLDPo,የኢትዮ ቴሌኮም የ3 ዓመት ሊድ 2025 የእድገት ስትራቴጂ,,መዝናኛ
https://www.youtube.com/watch?v=ZkMhZQLFfxE,መልካም የመስቀል በዓል,,ምግብ
https://www.youtube.com/watch?v=Bow8fsN4er0,የመስቀል በዓልን አስመልክቶ ልዩ ስጦታ ከባህር ማዶ የሞባይል አየር ሰዓት ሲሞላልዎ እንዲሁም የዓለም አቀፍ የድምጽ ጥሪ ጥቅል በከፍተኛ ቅናሽ ያግኙ,,መዝናኛ
https://www.youtube.com/watch?v=aUBJKemHFbQ,ቋሚ ወረሃዊ የሞባይል ጥቅልን በማይ ኢትዮቴል መተግበሪያ ማቋረጥ,,ቴክኖሎጂ
https://www.youtube.com/watch?v=6By8VdA_0Nc,ቋሚ ወረሃዊ የሞባይል ጥቅል አገልግሎት *999# ላይ በመደወል ለማቋረጥ,,ቴክኖሎጂ
https://www.youtube.com/watch?v=cWOylzpsCPM,ቋሚ ወረሃዊ የሞባይል ጥቅል አገልግሎት *999# ላይ በመደወል  መመዝገብ ይቻላል,,ቴክኖሎጂ
https://www.youtube.com/watch?v=iJNfEUB67mA,በልደት ቀን ጥቅል መልካም ምኞትዎን ይግለፁ,,አርት
https://www.youtube.com/watch?v=PPrriVsA6jY,በጥሪ መለያ አገልግሎታችን ራስዎን ወይም ስሜትዎን ይግለጹ,,አርት
https://www.youtube.com/watch?v=oEksxp0Qo0k,ዛሬን በትንሹ ይቆጥቡ ነገን በትልቁ ያልሙ,,መዝናኛ
https://www.youtube.com/watch?v=RxT3uEIJaXc,የጥሪ መለያ አገልግሎት    በስልክ ጥሪ ላይ እንዳሉ መልዕክት የሚያስተላልፉበት,,ቴክኖሎጂ
https://www.youtube.com/watch?v=C2fvWcxrm5w,አደይ አበባ ልዩ የሞባይል ጥቅሎችን ለበዓል በስጦታ በማበርከት ወዳጅ ዘመዶችዎን ያስደስቱ መልካም በዓል!,,መዝናኛ
https://www.youtube.com/watch?v=MODb9HTAWp8,እንኳን ከዘመን ዘመን አሸጋገረን መልካም አዲስ ዓመት,,መዝናኛ
https://www.youtube.com/watch?v=chq7BoUBuPk,የአዲስ ዘመን የአዲስ ራዕይ ማስጀመሪያ ችቧችን ይለኮስ  በአብሮነት ለኢትዮጵያችን የላቀ ስኬት እጅ ለእጅ ተያይዘን በፍቅር እንገስግስ,,መዝናኛ
https://www.youtube.com/watch?v=e1a37iK94TU,አመት በዓሉን አስመልክተው ሃገር ቤት ላሉ ለቤተሰብዎ የሞባይል የአየር ሰዓት ይሙሉ የተጨማሪ ስጦታ ባለቤት ያድርጓቸው,,ቴክኖሎጂ
https://www.youtube.com/watch?v=zpzSPpsWuvg,በቴሌብር ዓለም አቀፍ ሃዋላ ገንዘብ ይቀበሉ በተጨማሪ ገንዘብ እንዲሁም በዳታ ጥቅል ስጦታዎቻችን ይንበሽበሹ,,ቴክኖሎጂ
https://www.youtube.com/watch?v=AikV_WP6Hvo,በገበያ ስፍራዎች የአብሮነት ቆይታችን እንዲህ ያማረ ነበር,,መዝናኛ
https://www.youtube.com/watch?v=D-rLg9aZFdE,አብሮነት ለነገ ተስፋዎች    ህጻናቱ ደስ የሚል ጊዜ አሳልፈው ለነገ የተሻለ ስንቅ ይዘው ተመልሰዋል!ያሳለፍነውን የማይረሳ ጥሩ ጊዜ እናጋራችሁ,,ልጆች
https://www.youtube.com/watch?v=hTABKgZLdMU,ለበዓል ከባህር ማዶ በቴሌብር ሃዋላ ገንዘብ ይቀበሉ በስጦታዎች ይንበሽበሹ በአለም አቀፍ የጥሪ ጥቅል አገልግሎታችን ሩቅ ካሉ ቤተሰብዎ  ይገናኙ,,ቴክኖሎጂ
https://www.youtube.com/watch?v=F4dirSrn24I,አብሮነት በተሻለ አጋርነት ትናንትና የተጀመረው የቲክቶክ ቻሌንጅ እንደቀጠለ ነው,,ቴክኖሎጂ
https://www.youtube.com/watch?v=3AtJAYbk9V8,አብሮነት በላቀ አገልግሎት ከፍተኛ የሥራ ኃላፊዎቻችን ከደንበኞቻችን ጋር የነበራቸው የአብሮነት ቆይታ,,መዝናኛ
https://www.youtube.com/watch?v=6G51e6Xoba4,አብሮነት በመልካም ተግባር በአዲስ አበባ እና በኩባንያችን የሪጅን ከተሞች የነበረን የበጎ አድራጎት ቆይታ,,ስፖርት
https://www.youtube.com/watch?v=uV_9mY9plYY,በኤግዚቢሽን ማዕከል በአደይ እንቁጣጣሽ የንግድ ትርኢት እና ባዛር ላይ የመግቢያ ትኬቶችን በቴሌብር ይቁረጡ፤ በቴሌብር ይገበያዩ፤ 5% ተመላሽ ገንዘብ ያግኙ!,,መዝናኛ
https://www.youtube.com/watch?v=UVroWd6eEfA,የፌደራል ሰነዶች ማረጋገጫና ምዝገባ አገልግሎት ክፍያን በቴሌብር ማስጀመሪያ መርሃ-ግብር,,መዝናኛ
https://www.youtube.com/watch?v=Pph4ZGwi6RM,ወደ ቤትዎ ለሚወዷቸው ሰዎች ገንዘብ ለመላክ የ ቴሌ ብር መላክን ይምረጡ,,መዝናኛ
https://www.youtube.com/watch?v=CRI1IksNqmU,በቴሌብር የሞባይል የክፍያ ሥርዓት እና የፋይናንስ አገልግሎቶች ዙሪያ,,ቴክኖሎጂ
https://www.youtube.com/watch?v=uLfqkcDDeWE,በቴሌብር ፋይናንስ አገልግሎቶች ቴሌብር መላ፣ ቴሌብር እንደኪሴ እና ቴሌብር ሳንዱቅ ህይወትዎን ያሻሽሉ,,አርት
https://www.youtube.com/watch?v=cpIpZfg6uFo,የፕሪሚየም ያልተገደበ ጥቅል አገልግሎቶችን በተመጣጣኝ ዋጋ ያጣጥሙ,,መዝናኛ
https://www.youtube.com/watch?v=RjR-oIJFtu0,የቴሌብር ፋይናንስ አገልግሎት ይፋዊ ማብሰሪያ ሥነ-ስርዓት ላይ አቶ አስፋው አለሙ የዳሸን ባንክ ዋና ሥራ አስፈጻሚ ያስተላለፉት መልዕክት,,መዝናኛ
https://www.youtube.com/watch?v=e2vBUTPDbGM,የቴሌብር ፋይናንስ አገልግሎት ይፋዊ ማብሰሪያ ሥነ-ስርዓት ላይ ዶ/ር ይናገር ደሴ የኢትዮጵያ ብሔራዊ ባንክ ገዥ ያስተላለፉት መልእክት,,አርት
https://www.youtube.com/watch?v=1S4ZVOqQkDM,ዳግም የምስራች ለሕዝባችን አብስረናል!ቴሌብር ፋይናንስ ለተሻለ ህይወት የፋይናንስ አገልግሎት ለሁሉም,,መዝናኛ
https://www.youtube.com/watch?v=wbLNiqnz03c,የቴሌብር ፋይናንስ አገልግሎት ማስጀመሪያ ዝግጅት,,መዝናኛ
https://www.youtube.com/watch?v=gcvXkEsNFlU,የ5ጂ ማስጀመሪያ ክስተት,,ቴክኖሎጂ
https://www.youtube.com/watch?v=Lai2J2Ws6iw,የነዳጅ ክፍያ በቴሌብር ለመፈፀም የሚከተሏቸው ቀላል ሂደቶች,,ቴክኖሎጂ
https://www.youtube.com/watch?v=HFLzXvJgZYU,የኢትዮ ቴሌኮም የ2014  በጀት ዓመት የስራ አፈጻጸም,,መዝናኛ
https://www.youtube.com/watch?v=FCh-WgBMN50,ክብር ለጥበብ የእውቅና ሽልማት መርሃ ግብር ስፖንሰር በማድረጋችን እና ተሸላሚ በመሆናችን ከፍተኛ ደስታ ይሰማናል,,አርት
https://www.youtube.com/watch?v=fLDAO9Ejcz8,ባልተመቸ ሁኔታ ውስጥ ሆነው፤ የሞባይል ካርድዎ ቢያልቅ ያለሃሳብ ክሬዲት ወስደው አገልግሎትዎን ይቀጥሉ,,አካልብቃት
https://www.youtube.com/watch?v=KLBNSRtvavc,የጥሪ ማሳመሪያ አገልግሎት ተጠቃሚዎች የተለያዩ ሽልማቶችን እያገኙ ነው,,መዝናኛ
https://www.youtube.com/watch?v=dxQfo3yqnf0,የጥሪ ማሳመሪያ ልዩ ልዩ ሽልማቶች ይዞ መጣ,,ቴክኖሎጂ
https://www.youtube.com/watch?v=3z-b7ZQmZ0k,የጥሪ ማሳመሪያ አገልግሎት,,ስፖርት
https://www.youtube.com/watch?v=Mkw-5gx9xKI,ፍኖተ አይ.ሲ.ቲ የቴሌቪዥን ፕሮግራም,,ቴክኖሎጂ
https://www.youtube.com/watch?v=j5euV5U8oRE,የኢትዮጵያ ቲቪ ማስታወቂያዎች ፕሮዳክሽን,,መዝናኛ
https://www.youtube.com/watch?v=rYoNQVK-v_8,አረፋ መልካም በዓል,,መዝናኛ
https://www.youtube.com/watch?v=6v19wKjE2X4,አንድነት ክሬዲት እና ቁጠባ,,አንቂንግግር
https://www.youtube.com/watch?v=NoJSwuNT5Jc,የኢትዮጵያ ቲቪ ማስታወቂያ በኒሻን ማርኬቲንግ እና ማስታወቂያ,,ምግብ
https://www.youtube.com/watch?v=O0CeGQZGP-0,አኒሜሽን እና የእንቅስቃሴ ግራፊክስ ንድፍ,,ቴክኖሎጂ
https://www.youtube.com/watch?v=Q0lKrkIuKuo,ወርክሾፕ ቪዲዮ ስብስብ,,ቴክኖሎጂ
https://www.youtube.com/watch?v=hs3wzHBZ9Zc,የመግቢያ ግራፊክስ ንድፍ,,ቴክኖሎጂ
https://www.youtube.com/watch?v=NU3da7g7PM8,የፕሮግራም መግቢያ ለ ዲኤስ ቲቪ,,ቴክኖሎጂ
https://www.youtube.com/watch?v=CcfIiFR2hIw,የኢትዮጵያ ቡና ላኪ ድርጅት,,ምግብ
https://www.youtube.com/watch?v=YDAyjqTYYWI,በኢትዮጲያ ውስጥ የሚሸጡ አፓርታማዎች እና ሱቆች,,ኮንስትራክሽን
https://www.youtube.com/watch?v=BETvT1fgZww,የልጆች እንክብካቤ በኢትዮጵያ,,ልጆች
https://www.youtube.com/watch?v=M9z2QgNngZA,ንግድዎን እንዴት እንደሚያሳድጉ,,አንቂንግግር
https://www.youtube.com/watch?v=Jy7Kr2AyBeM,ዶፐል ቢራ ንግድ,,ስፖርት
https://www.youtube.com/watch?v=cCZStCRlZD0,የሲንቄ ባንክ  ስራ  ጀመረ,,መዝናኛ
https://www.youtube.com/watch?v=70VwAUL9abQ,የአጃክስ ሳህን ማጠቢያ,,ምግብ
https://www.youtube.com/watch?v=NYaF2BHnv9k,አቢሲኒያ ባንክ የገና በአል,,አርት
https://www.youtube.com/watch?v=uz9JE9iyxfI,የኢትዮጵያ አየር መንገድ 75ኛ አመት ዘመቻ,,መዝናኛ
https://www.youtube.com/watch?v=6_Z54K63eDg,ስንቅ ማልት የጾም ማስታወቂያ,,ምግብ
https://www.youtube.com/watch?v=6_Z54K63eDg,ስንቅ ማልት የጾም ማስታወቂያ,,አካልብቃት
https://www.youtube.com/watch?v=zMakxgOhLBE,የዶፔል ቢራ,,መዝናኛ
https://www.youtube.com/watch?v=YHSAU-9kPk8,ስንቅ ማልት የጾም ማስታወቂያ,,አካልብቃት
https://www.youtube.com/watch?v=CUhi-5FDg5U,ስንቅ ማልት,,አንቂንግግር
https://www.youtube.com/watch?v=Q-bGKocRU4k,የቅዱስ ጊዮርጊስ ቢራ አንድ መንገድ ዘመቻ,,ስፖርት
https://www.youtube.com/watch?v=bDfTJTfRHPA,የቅዱስ ጊዮርጊስ ቢራ አንድ መንገድ ዘመቻ,,መዝናኛ
https://www.youtube.com/watch?v=qzdh4Q5lcYk,የቅዱስ ጊዮርጊስ ቢራ አንድ መንገድ ዘመቻ,,አርት
https://www.youtube.com/watch?v=D9vDmEAQSkQ,የቅዱስ ጊዮርጊስ ቢራ አንድ መንገድ ዘመቻ,,ምግብ
https://www.youtube.com/watch?v=Z_sxOuTvpWA,ዶፐል ቢራ,,መዝናኛ
https://www.youtube.com/watch?v=5fl8FLfoTds,ቅዱስ ጊዮርጊስ አድዋ,,መዝናኛ
https://www.youtube.com/watch?v=OrQxPgBdukI,ቡና ባንክ,,መዝናኛ
https://www.youtube.com/watch?v=adZHEoMy9FI,ማይስ ኢትዮጵያ,,ምግብ
https://www.youtube.com/watch?v=SvjoKGRpGgA,ቢጂአይ ከተማ,,መዝናኛ
https://www.youtube.com/watch?v=hP_syrLrEog,ኖህ ሪል እስቴት ኮርፖሬት,,ኮንስትራክሽን
https://www.youtube.com/watch?v=KOe55Vu2gCg,የቶሞካ ቡና,,ምግብ
https://www.youtube.com/watch?v=mnhubXEw2gA,አዋሽ ባንክ ኢኽላስ,,መዝናኛ
https://www.youtube.com/watch?v=Fn8O2Q5S0Lg,የቶሞካ ቡና,,አንቂንግግር
https://www.youtube.com/watch?v=U86cRKbhiXs,ሮል የዱቄት ሳሙና,,ዉበት
https://www.youtube.com/watch?v=i1gqZarbiJc,ድርብ ቡናማ ቢራ,,ስፖርት
https://www.youtube.com/watch?v=h38Q0UnRYWA,ብርሃን ባንክ,,መዝናኛ
https://www.youtube.com/watch?v=SBj_rgeJueU,ዘመን ባንክ በየቀኑ ወርቃማ ወለድ ያግኙ,,መዝናኛ
https://www.youtube.com/watch?v=gaGke1mBxls,የሮል ዱቄት ማጽጃ  የኮቪድ19 የማህበረሰብ ማበረታቻ ቪዲዮ,,ጤና
https://www.youtube.com/watch?v=PKcYiDn6Uh0,ዳሸን ባንክ ሻሪክ,,መዝናኛ
https://www.youtube.com/watch?v=TUA4E9AObsE,M - የብር የበዓል ዘመቻ,,ቴክኖሎጂ
https://www.youtube.com/watch?v=DFIaw4utO8U,የቶሞካ ቡና አዲስ ዓመት,,መዝናኛ
https://www.youtube.com/watch?v=E5F41Y7jvnY,ዳሸን ባንክ  የወጣቶች ቁጠባ ዘመቻ,,አንቂንግግር
https://www.youtube.com/watch?v=6rkNqMAChi4,የቶሞካ ቡና የመጀመሪያው መነሻ,,ምግብ
https://www.youtube.com/watch?v=LYt2f5GH6S0,ዲቫ ሳሙና,,ዉበት
https://www.youtube.com/watch?v=M5xY-4YZDjw,እኛ የጤና ጥበቃ ሚኒስቴር ነን,,ጤና
https://www.youtube.com/watch?v=EjgHSNnCbyc,ዳሽን ባንክ,,መዝናኛ
https://www.youtube.com/watch?v=0YlOMfaXEcY,የውሃ ጠብታ በንፁህ ውሃ አማካኝነት ህይወት እንሰጣለን.,,ጤና
https://www.youtube.com/watch?v=tCaASac9gto,ዩናይትድ ባንክ - የኮርፖሬት ንግድ,,መዝናኛ
https://www.youtube.com/watch?v=xvHXNm873pE,ዳሸን ባንክ የሞባይል ባንኪንግ ማስታወቂያ,,ቴክኖሎጂ
https://www.youtube.com/watch?v=Dg7HMT5DtXs,ኢኖክ ቡና,,ምግብ
https://www.youtube.com/watch?v=kjAN5ChUT54,ታላቁ አቢሲኒያ  የኖህ ሪል እስቴት መረጃ ሰጪ,,ኮንስትራክሽን
https://www.youtube.com/watch?v=9CX4U6dIXrE,ዳሽን ቢራ ያልተዘመረለት ጀግና,,ስፖርት
https://www.youtube.com/watch?v=NgElJ45lJsg,ዩናይትድ ፈርኒቸር,,ኮንስትራክሽን
https://www.youtube.com/watch?v=Frv5MBGYjnA,ዳሽን ቢራ  አሸወይና,,መዝናኛ
https://www.youtube.com/watch?v=wACz0HI8koc,ዳሽን ቢራ ኩኩሻ የዓለም ዋንጫ ማስታወቂያ,,ስፖርት
https://www.youtube.com/watch?v=5XeV3fMDMbc,አኩ ዉሃ,,አካልብቃት
https://www.youtube.com/watch?v=9TfZKBGbUYw,ዳሽን ቢራ አርሰናል,,ስፖርት
https://www.youtube.com/watch?v=AtP8qzExXZ4,ዘመን ባንክ  የድርጅት ማስታወቂያ,,መዝናኛ
https://www.youtube.com/watch?v=OeO_eDM-8LA,ዳሽን ኩኩሻ - አስቴር አድ,,ቴክኖሎጂ
https://www.youtube.com/watch?v=hFVgWZJ1wGg,የዲቫ ሳሙና ማስታወቂያ,,ዉበት
https://www.youtube.com/watch?v=GukWZWwIHnQ,የተባበሩት ባንክ ማስታወቂያ,,መዝናኛ
https://www.youtube.com/watch?v=m7U9QPy9nOw,የተባበሩት ባንክ ማስታወቂያ,,አንቂንግግር
https://www.youtube.com/watch?v=_lI5NoRPpVY,ባላገሩ ቢራ ቲቭ ማስታወቂያ,,መዝናኛ
https://www.youtube.com/watch?v=q4xhJpO0C34,ፍራሽ ማስታወቂያ,,መዝናኛ
https://www.youtube.com/watch?v=Erb7F2KE3XA,የፕሪጌት ጭማቂ ማስታወቂያ,,ልጆች
https://www.youtube.com/watch?v=FoGwVsBCdMo,ዲቫ ሳሙና ንግድ,,መዝናኛ
https://www.youtube.com/watch?v=QuGnR0-3l68,ጃኖ ቢራ,,መዝናኛ
https://www.youtube.com/watch?v=NktiRqQGdF0,ዳሽን ቢራ የጥምቀት በዓል ማስታወቂያ,,መዝናኛ
https://www.youtube.com/watch?v=nJE2BxSpaac,የቶሞካ አዲስ ዓመት ማስታወቂያ,,መዝናኛ
https://www.youtube.com/watch?v=q7EwMtnZksQ,ዘመን ባንክ,,መዝናኛ
https://www.youtube.com/watch?v=Cv-egX8y4T4,ጉደር ወይን,,ምግብ
https://www.youtube.com/watch?v=P67diZOTlq0,ዳሽን ቢራ,,መዝናኛ
https://www.youtube.com/watch?v=B5w9GtWuxkA,ኖህ ቲቪሲ,,ኮንስትራክሽን
https://www.youtube.com/watch?v=ZBMgqE8dkXA,ሜታ ቢራ ለአንበሶች,,ስፖርት
https://www.youtube.com/watch?v=5nzkch2gaTU,ማልታ ጊነስ ወዝ ወዝ,,አካልብቃት
https://www.youtube.com/watch?v=_yw3fz3vuuM,መልህቅ ወተት,,ልጆች
https://www.youtube.com/watch?v=_yw3fz3vuuM,መልህቅ ወተት,,ምግብ
https://www.youtube.com/watch?v=F9fHU1ToTgo,ሳፋሪኮም,,መዝናኛ
https://www.youtube.com/watch?v=qauqMz8yCPI,ዳሸን ባንክ,,አንቂንግግር
https://www.youtube.com/watch?v=1L-sMafZwX8,አቢሲኒያ ባንክ,,አንቂንግግር
https://www.youtube.com/watch?v=HwpsJUTzyTc,ማልታ ቲቪሲ,,አካልብቃት
https://www.youtube.com/watch?v=qK6x9J5KCkQ,ቀስተደመና ፍራሽ,,መዝናኛ
https://www.youtube.com/watch?v=BhsUpZ0WSbI,ካን ቤቢ,,ልጆች
https://www.youtube.com/watch?v=6GGYFPZP94s,ካን ቤቢ,,ልጆች
https://www.youtube.com/watch?v=IQF9gq7d2rA,ቤቢ ጁኒየር,,ልጆች
https://www.youtube.com/watch?v=hbaM_8abmoc,ማልታ ወዝወዝ,,አካልብቃት
https://www.youtube.com/watch?v=K2KlpErwJxQ,ማልታ,,ምግብ
https://www.youtube.com/watch?v=0NeoZn8kmzM,ሜታ ሁል ጊዜ,,ስፖርት
https://www.youtube.com/watch?v=gK_PhR6ezi0,ኮክ,,ምግብ
https://www.youtube.com/watch?v=UOm615q6q-I,ዳዳ ጁስ,,ልጆቸ
https://www.youtube.com/watch?v=0ck_xO_sC0A,ዳሽን ባንክ,,ስፖርት
https://www.youtube.com/watch?v=KMbzAfDr3Ew,ዳሽን ባንክ,,አንቂ ንግግር
https://www.youtube.com/watch?v=4M4CbSrBerU,የአውሮፓ ህብረት ቡና,,መዝናኛ
https://www.youtube.com/watch?v=ZCDL1voSTe4,ኢንዶሚ,,ምግብ
https://www.youtube.com/watch?v=uz4xy4sdcIM,ጆሊ ባር,,መዝናኛ
https://www.youtube.com/watch?v=z81A3cKWTbk,ጄደብሊው,,መዝናኛ
https://www.youtube.com/watch?v=ht8mlAsmX4o,ከሚላ ወይነ,,ዉበት
https://www.youtube.com/watch?v=UcivBrfKBbY,ቆጂ ፓስታ,,ምግብ
https://www.youtube.com/watch?v=mtQXUDGG280,ኩሩ ማልት,,አካልብቃት
https://www.youtube.com/watch?v=oAc4AI28u4g,ፕሪጋት ጁስ,,ልጆች
https://www.youtube.com/watch?v=3Tpoe1FYaB0,ሰንዳ በል ሙዚቃ,,መዝናኛ
https://www.youtube.com/watch?v=OYW5xKeQKOg,ኮክ መጠጥ,,መዝናኛ
https://www.youtube.com/watch?v=X8N2qyEnFvA,ስቲፕ ኮምፒዉተር,,ቴክኖሎጂ
https://www.youtube.com/watch?v=0nqTbh0FeJ8,ዩኒሴፍ ዶክ,,ቴክኖሎጂ
https://www.youtube.com/watch?v=ASDXjyv1oaA,ዩኒሴፍ ​​ትምህርት,,ቴክኖሎጂ
https://www.youtube.com/watch?v=yaH-wRT-NnA,ሸፍ ሉካ ፓስታ,,ምግብ
https://www.youtube.com/watch?v=6vO_BdlX5xI,ታይገር ብስኩት,,ልጆቸ
https://www.youtube.com/watch?v=aMhmJ1qeCsQ,ዜድቲኢ ሞባይል,,ቴክኖሎጂ
https://www.youtube.com/watch?v=2CDUZGzJtEY,ኢንዶ ሚ ኑድል,,ምግብ
https://www.youtube.com/watch?v=X_vAnL0PG0M,አንከር ወተት,,ልጆች
https://www.youtube.com/watch?v=M_ZEd5c6t1A,ጠቅላላ  ህይወትን ማነቃቃት,,አንቂንግግር
https://www.youtube.com/watch?v=sQYIo787Vow,አንከር ወተት የእናቶች ቀን,,ምግብ
https://www.youtube.com/watch?v=zHUrisxUsUc,የአውሮፓ ህብረት የተሻለ ሕይወት ከአዲስ መንገድ ጋር,,አንቂንግግር
https://www.youtube.com/watch?v=wyE9TSd2SBw,የሕዝብ ምክር ቤት የብሩህ ተስፋ ልጃገረዶችን ሕይወት ማሻሻል,,አንቂንግግር
https://www.youtube.com/watch?v=Zk35rg-uFoc,ኦሮስ ጭማቂ,,ልጆቸ
https://www.youtube.com/watch?v=_N1HOrAJq5c,ሜታ ቢራ ቲቪሲ,,ቴክኖሎጂ
https://www.youtube.com/watch?v=0hjN9bKuITY,ሜሪ ስቶፕ ኢንተርናሽናል,,ጤና
https://www.youtube.com/watch?v=-WV343xbycg,የኢትዮጵያ አየር መንገድ,,መዝናኛ
https://www.youtube.com/watch?v=ZNJMqpjD68Y,አምባሳደር  ጋርመንት,,አርት
https://www.youtube.com/watch?v=5YDvWvGNJ8o,አቡ ዋልድ ሳንድዊች ብስኩት,,ልጆች
https://www.youtube.com/watch?v=Nt4SmqpjAs8,ኢንተርናሽናል ሊደርሺፕ አካዳሚ ኢትዮጵያ አዲስ አበባ,,ልጆች
https://www.youtube.com/watch?v=5nKUedcahsg,በጥቅምት አንድ አጥንት,,ምግብ
https://www.youtube.com/watch?v=6ChLcZmOPEQ,ስንቅ ማልት,,አካልብቃት
https://www.youtube.com/watch?v=hLJVNFqi9bY,ስንቅ ማልት,,ምግብ
https://www.youtube.com/watch?v=hKg1yLL9Y94,አካሺያ ወይን እንዴት እንደሚከፈት,,አርት
https://www.youtube.com/watch?v=eTSahi-ulEA,ከቤትዎ አይውጡ  ደኅንነትዎን ከቤትዎ,,ጤና
https://www.youtube.com/watch?v=MLoL2-ofJSk,የኢትዮጵያ አዲስ አመት,,ምግብ
https://www.youtube.com/watch?v=ZURV5ldRswM,የዘቢዳር ቢራ ፋብሪካ ጉብኝት,,መዝናኛ
https://www.youtube.com/watch?v=Xv4jbFJpGNE,ሳሚ ዳን በሚሊኒየም አዳራሽ በቅዱስ ጊዮርጊስ ቢራ የተደገፈ ትርኢት ሲያቀርብ,,አርት
https://www.youtube.com/watch?v=_PZlqI3oKm4,ፓናች ቢራ,,ምግብ
https://www.youtube.com/watch?v=jDcITNH46xs,የቢጂአይ ኢትዮጵያ የኮርክ አሸናፊዎች ከኮምቦልቻ ወሎ ኢትዮጵያ,,ቴክኖሎጂ
https://www.youtube.com/watch?v=DL3pKl4Pv54,የቢጂአይ ኢትዮጵያ የኮርክ ጨዋታ አሸናፊ ከአዳማ,,መዝናኛ
https://www.youtube.com/watch?v=etQ4La1bx-Y,የቢራ ፌስቲቫል በአዲስ አበባ,,ምግብ
https://www.youtube.com/watch?v=EFYBVIISeHk,የቢራ ፌስቲቫል በአዲስ አበባ,,አርት
https://www.youtube.com/watch?v=-yuejOWXvE0,የቢራ ፌስቲቫል,,መዝናኛ
https://www.youtube.com/watch?v=OQsbtdKI6ts,በጥቅምት አንድ አጥንት የስጋ እና የቢራ ፌስቲቫል,,መዝናኛ
https://www.youtube.com/watch?v=25K66g8nnlo,ለቢጂአይ ኢትዮጵያ የቡሽ ጨዋታ 2018 የመጀመሪያ አሸናፊ,,ስፖርት
https://www.youtube.com/watch?v=-DkOoRlefiU,የቢጂአይ ኢትዮጵያ የኮርክ ጨዋታ ሽልማት,,ስፖርት
https://www.youtube.com/watch?v=yvcvkOjgSm4,ፓናች ቢራ,,መዝናኛ
https://www.youtube.com/watch?v=jdgWZeFfmLs,መልካም የገና በዓል,,ቴክኖሎጂ
https://www.youtube.com/watch?v=g_bdboW1Evc,የኢትዮጵያ ገና,,መዝናኛ
https://www.youtube.com/watch?v=ugltBuagDso,የኢትዮጵያ ገና,,መዝናኛ
https://www.youtube.com/watch?v=h3PMIhyrLP4,ካስቴል ቢራ,,ስፖርት
https://www.youtube.com/watch?v=w7pAaK80mX4,በጥቅምት አንድ አጥንት የስጋ እና የቢራ ፌስቲቫል,,ምግብ
https://www.youtube.com/watch?v=IybTWmdPebk,መልካም አዲስ አመት ይሁንልን!!,,መዝናኛ
https://www.youtube.com/watch?v=oGKAqe6w-IQ,ቅዱስ ጊዮርጊስ,,ስፖርት
https://www.youtube.com/watch?v=k2LfyqyP3M8,የቅዱስ ጊዮርጊስ አዲስ አመት ቪዲዮ ማስታወቂያ,,መዝናኛ
https://www.youtube.com/watch?v=wTO-Dypmaes,ቡሄ,,ልጆች
https://www.youtube.com/watch?v=fOy6Ei55eGk,ፓናች ቢራ አዲሱ በኢትዮጵያ አስደሳች ጣዕም,,መዝናኛ
https://www.youtube.com/watch?v=RcxZTVD5z8Y,ሁል ጊዜ የምትጠጡት ቢራ,,ስፖርት
https://www.youtube.com/watch?v=NfxINhWXE8k,ቅዱስ ጊዮርጊስ ቢራ,,መዝናኛ
https://www.youtube.com/watch?v=QiGPMNJNo40,ለካስቴል ወይን ፋብሪካ አጭር የቪዲዮ ዘጋቢ ፊልም,,ስፖርት
https://www.youtube.com/watch?v=NC2dO1gIg8U,የቅዱስ ጊዮርጊስ የትንሳኤ በዓል ማስታወቂያ,,መዝናኛ
https://www.youtube.com/watch?v=wipXBYipMYI,የአገር ጎን,,ቴክኖሎጂ
https://www.youtube.com/watch?v=39UokNfw1jY,የኦሮሚያ ህብረት ስራ ባንክ አዲስ አመት የቲቪ ማስታወቂያ,,ቴክኖሎጂ
https://www.youtube.com/watch?v=uIuHyV6Vx1c,የሕብረት ባንክ ቴሌቪዥን ማስታወቂያ,,መዝናኛ
https://www.youtube.com/watch?v=GioflNIjBYw,የዲያና ሳሙና ማስታወቂያ,,ዉበት
https://www.youtube.com/watch?v=1OMsB0ZwPoU,አንድ የውሃ ቲቪ ንግድ,,ቴክኖሎጂ
https://www.youtube.com/watch?v=v0MNUMa6JkI,የዩኒሴፍ የኩፍኝ ክትባት ግንዛቤ ዘመቻ,,ጤና
https://www.youtube.com/watch?v=J9YMA4cmNnE,የዩኒሴፍ የኩፍኝ ክትባት ግንዛቤ ዘመቻ።,,ምግብ
https://www.youtube.com/watch?v=trnAlpBhHM0,የዩኒሴፍ የኩፍኝ ክትባት ግንዛቤ ዘመቻ,,ልጆች
https://www.youtube.com/watch?v=JU8LBkJLoD8,የዩኒሴፍ የኩፍኝ ክትባት ግንዛቤ ዘመቻ,,ጤና
https://www.youtube.com/watch?v=uPYQbnbw8b8,የዩኒሴፍ የኩፍኝ ክትባት ግንዛቤ ዘመቻ,,ጤና
https://www.youtube.com/watch?v=OC9ZSBeSU6I,አክሽን ኤይድ ኢትዮጵያ,,ጤና
https://www.youtube.com/watch?v=Qs89zKdcNXM,የስንቄ ባንክ ጉዳይ ጥናት,,መዝናኛ
https://www.youtube.com/watch?v=kYC7WpBhTOs,የሮፍናን ኮንሰርት,,አርት
https://www.youtube.com/watch?v=SxxGH-Cvwc8,የ ሮፍናን ኮንሰርት,,መዝናኛ
https://www.youtube.com/watch?v=FEfsNJpICsE,አንግላ በርገር መላኪያ ማስታወቂያ,,ምግብ
https://www.youtube.com/watch?v=PLb8xooBHHk,የኮካ ኮላ ፋብሪካ ምርቃት ዝግጅት ዝግጅት,,መዝናኛ
https://www.youtube.com/watch?v=KxXCOpHbrLo,የኢንዶሚ ክብ ጠረጴዛ፡ ትግሉ እውነት ነው።,,ምግብ
https://www.youtube.com/watch?v=iEyYQOjidvc,ኢንዶሚ,,ልጆች
https://www.youtube.com/watch?v=Hr8xCaPgZAA,ሁዋዌ ኢትዮጵያ አጋር ሰሚት,,ቴክኖሎጂ
https://www.youtube.com/watch?v=bPBrVGIYOQE,ኢትዮ ቴሌኮም 5ጂ ቢቲኤስ ተጀመረ,,ቴክኖሎጂ
https://www.youtube.com/watch?v=s1OXczM_eQI,10ኛው የለዛ ሽልማት ትርኢት,,አርት
https://www.youtube.com/watch?v=6YUaFd87D50,ጎፈረ አፍሮ ቢትስ ኮንሰርት,,መዝናኛ
https://www.youtube.com/watch?v=xq-MhrnqK7c,የውሃ እርዳታ ዘላቂ ውሃ፣ ሳኒቴሽን እና ንፅህና (ዋሽ) ፕሮግራም ዘጋቢ ፊልም,,ጤና
https://www.youtube.com/watch?v=PS2vmzEnU1k,አሃዱ ባንክ,,ስፖርት
https://www.youtube.com/watch?v=tbn5rhWUHtM,አሃዱ ባንክ,,መዝናኛ
https://www.youtube.com/watch?v=oLvz_Bl6BUo,የፕሮጀክሽን ካርታ  የአዲስ አመት ዋዜማ ስካይላይት ሆቴል,,መዝናኛ
https://www.youtube.com/watch?v=tfx65wbUyqc,የክስተት መፍትሔ,,አንቂንግግር
https://www.youtube.com/watch?v=OlWh-R-LWjY,በፍቅር የተመረጠ ዚንዙላ,,መዝናኛ
https://www.youtube.com/watch?v=FcP4tGwaKpk,በፍቅር ይደሰቱ,,አርት
https://www.youtube.com/watch?v=sHi3eoI8-Rs,የኤቮ የአቮካዶ እርሻ በኢትዮጵያ የአቮካዶ እርሻዎችን ቀዳሚ አቅራቢ ነው።,,ምግብ
https://www.youtube.com/watch?v=xWf38-eX0VU,የኢንዱስትሪ ፓርክ ሠራተኞች ምልመላ ማግበር ፕሮግራም,,አንቂንግግር
https://www.youtube.com/watch?v=HQZOqMHD1vc,ዘላለማዊ ሚዲያ እና ግንኙነት የቀጥታ ዥረት,,መዝናኛ
https://www.youtube.com/watch?v=lGj42-FEKjg,ቀጣይነት ያለው አግሮ ኢንዱስትሪን በኢትዮጵያ ማስተዋወቅ,,ምግብ
https://www.youtube.com/watch?v=W_DvDLUsTTk,ናኖ ቆሻሻ ቦርሳዎች,,ቴክኖሎጂ
https://www.youtube.com/watch?v=ER7iGcEUgRs,ከ ዋሊን ቢራ ጋር,,ስፖርት
https://www.youtube.com/watch?v=pgRIEWbY7h4,ችኮ ስጋ ንግድ,,ምግብ
https://www.youtube.com/watch?v=uBGV_KVRsjc,ድንበር ተሻጋሪ የትብብር ፕሮግራም,,ምግብ
https://www.youtube.com/watch?v=guXe96qqLlc,ድንበር ተሻጋሪ የትብብር ፕሮግራም,,መዝናኛ
https://www.youtube.com/watch?v=iqyTZOWrI6I,ግራንድ ቪዉ አዲስ ሪል እስቴት,,ኮንስትራክሽን
https://www.youtube.com/watch?v=mS4ZZ4eLDLs,የአፍሪካ ሳምንት አከባበር,,ቴክኖሎጂ
https://www.youtube.com/watch?v=J4yesIuniDM,የምረቃ ሥነ ሥርዓት,,ስፖርት
https://www.youtube.com/watch?v=pbsMSHDwKMs,የምረቃ ሥነ ሥርዓት,,መዝናኛ
https://www.youtube.com/watch?v=BrkpVo0ybmQ,ለዩኒሴፍ ኢትዮጵያ የኮቪድ-19 የክትባት ግንዛቤ ቪዲዮ።,,ጤና
https://www.youtube.com/watch?v=gQvbN0cFuIA,የቢራ ምርት ጅምር ከ ጋር,,መዝናኛ
https://www.youtube.com/watch?v=SBYAGGWpD7U,የኮቪድ 19 ግንዛቤ ቪዲዮ,,ምግብ
https://www.youtube.com/watch?v=3Hqk-316bns,ከቢራ ምርት ጅምር ጋር,,ስፖርት
https://www.youtube.com/watch?v=zBlV_TUnNU0,የወይን ንግድ,,አርት
https://www.youtube.com/watch?v=ufZtFToHwbs,የኢትዮጵያ ሳምንት ዶክመንተሪ,,መዝናኛ
https://www.youtube.com/watch?v=NKN1syFMh1Q,ዚንዙላ ወይን,,ምግብ
https://www.youtube.com/watch?v=1BJfKPl3rOA,አዲስ ምዕራፍ,,አንቂ ንግግር
https://www.youtube.com/watch?v=fmq9htlraS8,የቡድን ዘላለማዊ ቲዘር,,ስፖርት
https://www.youtube.com/watch?v=nYcEzG7Hf5k,ሀያት ሬጀንሲ ከእርሻ ወደ ጠረጴዛ,,ምግብ
https://www.youtube.com/watch?v=XAH-tBmjidw,የቀለም ደረጃ አሰጣጥ ጠቃሚ ምክሮች እና ዘዴዎች,,ኮንስትራክሽን
https://www.youtube.com/watch?v=6KQhWkADZkw,የውሃ እርዳታ ዶክመንተሪ,,ጤና
https://www.youtube.com/watch?v=PsW4ymohyuE,ለአንግላ በርገር 7665 ይደዉሉ,,ምግብ
https://www.youtube.com/watch?v=KbFRIQFpC44,ኢትዮጵያ ውስጥ ለ ጎርሆራ እራት የሰራነው ቪዲዮ,,ምግብ
https://www.youtube.com/watch?v=Rk1LopW4mFg,ለኢትዮጵያ ኮይሻ ለራት ያደረግነው ቪዲዮ,,ምግብ
https://www.youtube.com/watch?v=2L4fZwBNzIM,ለ ኢንዶሚ ያደረግነው ማስታወቂያ,,ልጆች
https://www.youtube.com/watch?v=2PWxqjh21ls,ንብ ቸኮሌት ለ ቫለንታይን,,ምግብ
https://www.youtube.com/watch?v=JPguq17ui_s,ገበታ ለሃገር ወንጪ,,መዝናኛ
https://www.youtube.com/watch?v=Gp0Ba-3yh-U,የዋልያ ቢራ ምርት ተጀመረ,,ምግብ
https://www.youtube.com/watch?v=AfInPIrIL3o,የዋልያ ቢራ ዝግጅት ከትዕይንቱ በስተጀርባ ያለው ቪዲዮ።,,ስፖርት
https://www.youtube.com/watch?v=rEy8e-dF3xI,የረሃ የመጀመሪያው አረቄ መደብር ማስታወቂያ,,መዝናኛ
https://www.youtube.com/watch?v=si37Ib8jxFQ,በ ኢንዶሚ ቀልድ የለም,,ልጆች
https://www.youtube.com/watch?v=x4RRXlXuFL0,የወይን ንግድ,,አርት
https://www.youtube.com/watch?v=o3gVReiOm4E,በአፍሪካ ህብረት የአውሮፓ ህብረት አምባሳደሮች ሰነድ እንኳን ደስ አላችሁ።,,ምግብ
https://www.youtube.com/watch?v=_NC0nVYL5vg,የውሃ እርዳታ ኢትዮጵያ እጅህን ታጠበ ዘመቻ ቪዲዮ,,ጤና
https://www.youtube.com/watch?v=cTLOq5687Qg,የእንጦት ፓርክ ማስተዋወቂያ,,መዝናኛ
https://www.youtube.com/watch?v=zAasjJ-Zhno,ብሉ ዉሃ,,አካልብቃት
https://www.youtube.com/watch?v=FkPxUdqa5hI,ቶፕ ዉሃ,,አካልብቃት
https://www.youtube.com/watch?v=xI3TcP5nhpw,ሃያት ሬጀንሲ,,ኮንስትራክሽን
https://www.youtube.com/watch?v=7ZDndi4XeLs,የሀያት ሪጀንሲ መስቀል ክብረ በዓል,,መዝናኛ
https://www.youtube.com/watch?v=JW2kIv7fpFA,የውሃ እርዳታ ኢትዮጵያ የኮቪድ ግንዛቤ ቪዲዮ,,ጤና
https://www.youtube.com/watch?v=eQUnXkexLag,የሴቶች ህፃናትና ወጣቶች ሚኒስቴር አዲስ አርማ ዲዛይን.,,ልጆች
https://www.youtube.com/watch?v=GXt5DlgsYes,ዚንዙላ ወይን ዉበት ልዩ ጣዕምን እንደሚፈልግ።,,አርት
https://www.youtube.com/watch?v=JviXq0kpOdo,የውሃ እርዳታ የኮቪድ-19 ግንዛቤ ቪዲዮ,,ጤና
https://www.youtube.com/watch?v=VnKVuS3dcWU,ፅዳት ልሁሉ የኮቪድ-19 ዘመቻ,,ጤና
https://www.youtube.com/watch?v=ZDQGYFCsQQo,የመስቀል በዓል አከባበር,,መዝናኛ
https://www.youtube.com/watch?v=ME3rb2kd5C8,የስሜን ተራሮች ብሄራዊ ፓርክ,,አንቂንግግር
https://www.youtube.com/watch?v=qVT8S7leg6w,የሰማያዊ አባይ ፏፏቴ,,አንቂንግግር
https://www.youtube.com/watch?v=rVSOcDKuEN0,ሃያት ሬጀንሲ,,ኮንስትራክሽን
https://www.youtube.com/watch?v=rHrDq0ihYgg,የአውሮፓ ህብረት ልዑካን ለአፍሪካ ህብረት,,መዝናኛ
https://www.youtube.com/watch?v=tKsvlHrb1uw,ጃኖ ባንድ 360 ዲግሪ ቪዲዮ ክሊፕ,,መዝናኛ
https://www.youtube.com/watch?v=1AJLb9uk5oA,ኤንኤችዋይ መደብር ዘመቻ,,ኮንስትራክሽን
https://www.youtube.com/watch?v=ufOpEynqul8,ንጽህና ለሁሉም የዘመቻ አርማ,,ጤና
https://www.youtube.com/watch?v=176qCYBKMz0,ዩኒሴፍ ኮቪድ 19 ማስታወቂያ,,ጤና
https://www.youtube.com/watch?v=eXGtIL2QPVs,ሃያት ሼፍ መገለጫ,,አርት
https://www.youtube.com/watch?v=iMZBPEK9fuk,ሃያት ሼፍ መገለጫ,,ምግብ
https://www.youtube.com/watch?v=D0Wfbd2nGIw,ኦሮሚያ ኢንተርናሽናል ባንክ መልካም የትንሳኤ በዓል,,ምግብ
https://www.youtube.com/watch?v=T5ClYx2J6j0,ውሃ እርዳታ ቲቪ ማስታወቂያ,,መዝናኛ
https://www.youtube.com/watch?v=Vq94zwNleLA,ውሃ እርዳታ ቲቪ ማስታወቂያ,,ጤና
https://www.youtube.com/watch?v=uygP5nd300U,UD የማስተዋወቂያ ቪዲዮ,,ቴክኖሎጂ
https://www.youtube.com/watch?v=h8N3a7QDhx4,ኢትዮ ቴሌኮም,,መዝናኛ
https://www.youtube.com/watch?v=bDLrH74yq9o,ኦሮሚያ ኢንተርናሽናል ባንክ,,ስፖርት
https://www.youtube.com/watch?v=x8skIfrxZyA,ኦሮሚያ ኢንተርናሽናል ባንክ,,መዝናኛ
https://www.youtube.com/watch?v=v800yduKCp0,ንብ ቸኮሌት,,ልጆች
https://www.youtube.com/watch?v=D4ZXR9iKh1Y,ዩኒሴፍ የሴት ልጅ ግርዛት ዘመቻን አቆመ,,ጤና
https://www.youtube.com/watch?v=EIFQ0PSeIaE,ኦሮሚያ ኢንተርናሽናል የኢትዮጵያውያን አዲስ አመት,,አርት
https://www.youtube.com/watch?v=Ei_u5T06VHY,የኦሮሚያ ኢንተርናሽናል ባንክ ቲቪ ንግድ,,መዝናኛ
https://www.youtube.com/watch?v=dWvN2JiS66c,የኦሮሚያ ኢንተርናሽናል ባንክ ገንዘብ ማስተላለፊያ,,ቴክኖሎጂ
https://www.youtube.com/watch?v=PTe6_oH0_KI,ዛጎል ወተት,,ምግብ
https://www.youtube.com/watch?v=V9g4hymx0bg,ንብ ቸኮሌት ማስተዋወቂያ,,አርት
https://www.youtube.com/watch?v=art48FwgLpw,የአንግላ በርገር የምግብ መኪና በቅርቡ ይመጣል,,ምግብ
https://www.youtube.com/watch?v=eoZyDuOI9zk,የአንግላ በርገር ዲጂታል ምልክት ማስተዋወቂያ,,መዝናኛ
https://www.youtube.com/watch?v=8YI_rObkEls,አንግላ በርገር በቅርብ ቀን,,ምግብ
https://www.youtube.com/watch?v=zra0iwiBlFQ,ቶፕ ዉሃ,,አካልብቃት
https://www.youtube.com/watch?v=Fl4yYoG8p6w,ቶፕ የታሸገ ውሃ በኢትዮጵያ ምኞት,,ምግብ 
https://www.youtube.com/watch?v=SBWB7prSCs4,ቶፕ የታሸገ ውሃ በኢትዮጵያ,,ልጆች 
https://www.youtube.com/watch?v=eUZyle89vE0,ቶፕ የታሸገ ውሃ,,ስፖርት
https://www.youtube.com/watch?v=7B7Hh-Wepok,ቶፕ ውሃ ኢትዮጵያ ለፋሲካ በአል,,አንቂንግግር
https://www.youtube.com/watch?v=A1ygAM_f55c,መልካም የገና በአል ይሁንላችሁ ቶፕ ዉሃ,,መዝናኛ
https://www.youtube.com/watch?v=jzkUQrK-ZPg,ቶፕ ውሃ ኢትዮጵያ,,ስፖርት
https://www.youtube.com/watch?v=0CAse1VC_eo,ቶፐ ውሃ,,ምግብ
https://www.youtube.com/watch?v=qPZuOGvk5c8,ያፕ የኢትዮጵያ ቲቪ ንግድ  ፕሮዳክሽን የፕ የዱቄት ሳሙና,የፕ የዱቄት ሳሙና ጥራት ያለው ምርት ከምርጥ ሰራተኞች ጋር፡፡,ዉበት
https://www.youtube.com/watch?v=N0O0HdGPyVk,አንድ ላይ ወደፊት,ከአንድ ሚሊዮን በላይ ሰዎች መኪና ሞተር ሳይክሎች ባጃጅ እና የበለጠ አስደሳች ሽልማቶችን የማሸነፍ እድል በሚያገኙበት ማስተዋወቂያ ይቀላቀሉን ሳፋሪኮም ቴሌ መተግበሪያ,ቴክኖሎጂ
https://www.youtube.com/watch?v=4nA8akeouGg,በአዲስ አበባ  የላቀ የሞባይል ኢንተርኔት አገልግሎት ክፍሎችን ለመክፈት ጓጉተናል,የኤልቲኢ አድቫንስድ   የሞባይል ኢንተርኔት አገልግሎት በአዲስ አበባ የሞባይል ኢንተርኔት አጠቃቀም ከፍተኛ በሆነባቸው አካባቢዎች ተግባራዊ አድርገናል ሳፋሪኮም,ቴክኖሎጂ
https://www.youtube.com/watch?v=rLijKIA19XY,ሳፋሪኮም መልካምጥምቀት,ልዩ እለት ነው ከምንወዳቸው የምንገናኝበት ተሰባስበን የምናወጋበትአሸብርቀን ደምቀን የምንታይበት እንደናፍቆታችን ወዳጅነታችን  ትስስራችን ይጠንክር,መዝናኛ
https://www.youtube.com/watch?v=xI3TcP5nhpw,የሀያት ሪጀንሲ ስብሰባዎች እና ዝግጅቶች ማስተዋወቂያ ቪዲዮ,የሀያት ሪጀንሲ ስብሰባዎች እና ዝግጅቶች ማስተዋወቂያ ቪዲዮ,ኮንሰትራክሽን 
https://www.youtube.com/watch?v=l8ACggnUb7E,ከ በላይ አገልግሎት ሰጪዎች በሲኔት ሶፍትዌር አማካኝነት በቴሌብር የአገልግሎት እና የግብይት ክፍያ ይፋዊ ማስጀመሪያ,ከሲኔት ሶፍትዌር ቴክኖሎጂ ጋር በጋራ ቀላል ፈጣን ምቹ እና አስተማማኝ በሆነው ቴሌብር አማካኝነት ሱፐርማርኬቶች የመዝናኛና የመስተንግዶ አገልግሎት የሚሰጡ ድርጅቶች ሆቴሎች ሬስቶራንቶች ካፌዎች ፋርማሲዎች ሆስፒታሎችደንበኞቻቸው የአገልግሎት እና የግብይት ክፍያዎቻቸውን እንዲፈፅሙ የሚያስችል አሰራር ተግባራዊ አድርገናል,ቴክኖሎጂ 
https://www.youtube.com/watch?v=DpFXHJ6r1Lc,ትዝታ  ዲበኩሉ እና ሮሀ ባንድ ከ ቀስተ ደመና ፍራሽ ጋር,ያለፈው ታሪክ ሰላም ስዩም ወልደማርያም እና ጆቫኒ ሪኮ የዛሬውን ችሎታ ዲበኩሉ እና ጓደኞቹ ጋር በመተባበር ከመቼውም ጊዜ በላይ የሆነ የሙዚቃ ዝግጅትን በከስተ ዳመና ሾው ክፍል ያቀር ዲበኩሉ ሰላሚኖ ሮሀባንድ ጃኖባንድ ኪነቲክዳውን ሾውሩም አፍሪካ ሙዚቃ ታለንት የቀጥታ ሙዚቃ,ዘፈን
https://www.youtube.com/watch?v=0NzP5wfQEGY,የሴቶች የመጀመሪያ  ኪሜ ሩጫ  የምርት ስም ንብረቶች እና ስፖንሰርነቶች ሳፋሪኮም,በ ሳፋኮም የሩጫ መንገድ ላይ ንቁ ሴቶች የመንገዱ ባለቤት ሲሆኑ እርስ በርሳቸው ለማክበር እና የበርቺ መንፈስን በማሳየት መጋቢት  ቀን  ታላቅ ትርኢት አሳይተዋል አሸኒፈሻል በርቺ ወደፊት በአንድነት,ስፖርት 
https://www.youtube.com/watch?v=svl1oV4P2tE,ከባድ የስራ ቀን አሳለፉ እንዳያስቡ በቀስተዳመና ሶፋ ያልተቋረጠ ምቾት,በቀስተዳመና ሶፋ ላይ ጎኖን ሲያሳርፉ ምንም የሚረብሽዎ ነገር አይኖር! ያልተቋረጠ ምቾት ፤ ኖር ሳልነሳ!!,ጤና
https://www.youtube.com/watch?v=Pwc6-TXphaE,የመልካም ሰው ስጦታ,በቀስተዳመና ምርቶች ይጠቀሙ ሶፋ ፈራሽ, አንቂ ንግግር
https://www.youtube.com/watch?v=-5T_31Jkc8w,የቤተሰቦ ደስታ ቅንጡ ፍራሽ,የቤተሰቦ ደስታ  ቅንጡ ፍራሽ,ጤና
https://www.youtube.com/watch?v=Erb7F2KE3XA,የፕሪጋት ጭማቂ,የፕሪጋት ጭማቂ  ጣፋጭ ለልጆች ላዋቂ ጤናማ ጁስ, ልጆች 
https://www.youtube.com/watch?v=pnj45_p10iA,ቀስተደመና ፍራሽ,በደከመ ሰውነት ቀስተዳመና ፍራሽ ላይ ጎኖን ካሳረፉ ወደ እንቅልፍ ማሸልብዎ,ጤና
https://www.youtube.com/watch?v=P-L_HPNg2nI,የአየር ሰአት ለመግዛት,ን በመጠቀም የአየር ሰአትን እንዴት መግዛት እንደሚችሉ መመሪያ እዚህ አለ በጋራ ወደፊት ሳፋሪኮም,ሳይንስ እና ቴክኖሎጂ
https://www.youtube.com/watch?v=6v19wKjE2X4,አንድነት ክሬዲት እና ቁጠባ,የረጅም ጊዜ እና የአጭር ጊዜ ክፍያ አማራጭ ከ ትንሽ ወለድ ጋር ይጎብኙን,አንቂ ንግግር
https://www.youtube.com/watch?v=TUA4E9AObsE,የኤም ብር የበአል ዘመቻ,ከስልክዎ የተገኘ የሞባይል ቦርሳ ከስልክዎ ላይ ግብይት ማድረግ መጀመር ይችላሉ,ቴክኖሎጂ
https://www.youtube.com/watch?v=UI9yZDVXI6A,ለአሻምቴሌ በቀላሉ በማይኢትዮቴል መተግበሪያ እንዴት መመዝገብ ይቻላል,ለአሻምቴሌ በቀላሉ በማይኢትዮቴል መተግበሪያ እንዴት መመዝገብ ይቻላል,መዝናኛ
https://www.youtube.com/watch?v=csRt9DFjmFo,ከ በላይ የአውታረ መረብ ድረገፆች ጋር እንዲገናኙ ማድረግ  አንድ ላይ ወደፊት,ለቴክኖሎጂ ቡድናችን በአንድ ጊዜ አንድ ግንብ በጊዜ ሂደት የጋራ ራእይ ነው በ ወራት ውስጥ የኔትዎርክ መሰረተ ልማታችን በመላው ኢትዮጵያ ከ በላይ በራሳቸው የሚሰሩ የኔትወርክ ሳይቶች አድጓል ቡድኑ ይህ ትልቅ የድል ምእራፍ እንዴት በተሳካ ሁኔታ እንደተገኘ እና ደንበኞቻችን በ አውታረ መረብ ላይ እንዲገናኙ ያደርጋቸዋል ወደፊት በአንድነት ሳፋሪኮም,ሳይንስ እና ቴክኖሎጂ
https://www.youtube.com/watch?v=VJTQv54lDAM,ዘላለማዊ ሚዲያ እና ኮሙኒኬሽን,ዘላለማዊ ሚዲያ እና ኮሙኒኬሽን ማስታወቂያ ለማስነገር,መዝናኛ
https://www.youtube.com/watch?v=fLDAO9Ejcz8,ባልተመቸ ሁኔታ ውስጥ ሆነው የሞባይል ካርድዎ ቢያልቅ ያለሀሳብ ክሬዲት ወስደው አገልግሎትዎን ይቀጥሉ,ቀሪ ሂሳብዎ ዝቅተኛ ሲሆን እና የአየር ሰአት መግዛት በማይችሉበት ጊዜ የሞባይል አየር ጊዜ ክሬዲት አገልግሎትን ይጠቀሙ ኢትዮቴሌኮም የእኛ የብድር አገልግሎቶች አሁን በተለያዩ ቋንቋዎች ይገኛሉ ወደ  ይላኩ ወይም  ይደውሉ በቴሌቢር አፕ የአየር ሰአት እና የጥቅል ክሬዲት አገልግሎት ማግኘት ይችላሉ,መዝናኛ
https://www.youtube.com/watch?v=Hr8xCaPgZAA,ኋዌ ኢትዮጵያ አጋር ሰሚት,በአጋሮቹ መካከል ያለውን ትስስር ለማጠናከር የኋዌ ግሎባል በዋና ዋና የአፍሪካ ከተሞች የ አጀንዳ በሚል ርእስ በርካታ ዝግጅቶችን አስተናግዷል ዝግጅቱ በኢትዮጵያ በሂልተን ሆቴል የተካሄደ ሲሆን ለተሳታፊዎች እና ለጎብኚዎች የተለያዩ የኋዌ ሀይል ቴክኖሎጂዎችን የሚያሳይ ማሳያ ተደርጎላቸዋል የማኔጅመንት ቡድኖች ስለ ኩባንያው የወደፊት ግቦች እና አጋሮች ከብራንድ ጋር ሲሰሩ ስላላቸው አንዳንድ ጥቅሞች ላይ ገለፃ አድርገዋል የንግድ ድርጅቶች በቀጣይ ፕሮጀክቶች ከኋዌ ጋር እንዲተባበሩጠይቀዋል,ቴክኖሎጂ 
https://www.youtube.com/watch?v=70VwAUL9abQ,የአጃክስ እቃ ማጠቢያ ፈሳሽ ሳሙና,አጃክስ ፈሳሽ  ሳሙና,ምግብ
https://www.youtube.com/watch?v=Hs_JkvpcnAw,የቴሌብር የሞባይል ገንዘብ አገልግሎት የመክፈቻ ዝግጅት,እያደገ የመጣውን የዲጂታል ፋይናንሺያል አገልግሎት ፍላጎት የሚያሟላ እና በሀገራችን የፋይናንስ ተሳትፎን የሚያረጋግጥ ቴሌቢር የተሰኘው የሞባይል ገንዘብ አገልግሎታችን መጀመሩን ስንገልፅ በጣም ደስ ብሎናል,ሳይንስ እና ቴክኖሎጂ 
https://www.youtube.com/watch?v=dPQwDT8Rvtg,ቀስተደመና የእረፍቴ ሚስጥር,ጥቂቶች ብቻ የሚያውቁት አንድ እውነት አትልቁ ሚስጥር ምን ያክል እንደጣርኩ ያነሳሁት ክብደት ወይም የምመገበው ምግብ አይደለም ምን ያክል እረፍት እንዳገኘሁ ነው ቀስተደመና የእረፍቴ ሚስጥር,ቴክኖሎጂ
https://www.youtube.com/watch?v=Z19xecJVrko,መልካም የቡሄ በአል ይሁንልን,ጊዮርጊስ ቢራ,መዝናኛ
https://www.youtube.com/watch?v=FkPxUdqa5hI,ቶፕ ዉሃ,ቶፕ ዉሀ,አካልብቃት
https://www.youtube.com/watch?v=xjs_XdA5_XE,ቀስተዳመና ስፖንጅ ፍቅር በትኩሱ,ፍቅር በትኩሱ ለጥንዶች ምቹ ፈራሽ,አርት
https://www.youtube.com/watch?v=dPzbKJOgpAk,ከማህበረሰባችን  አንድ ላይ ወደፊት,ለራሷ እና ለታናሽ ወንድሟ የተሻለ ህይወት የመምራት ትልቅ ህልም ያላትን ወጣት ሜሮን  ወደፊት በአንድነት ሳፋሪኮም,ሳይንስ እና ቴክኖሎጂ
https://www.youtube.com/watch?v=m7U9QPy9nOw,የተባበሩት ባንክ,የተባበሩት ባንክ,አንቂ ንግግር 
https://www.youtube.com/watch?v=sBrFXDB5uNg,የቴሌብር እና የኢትዮጵያ አየር መንገድ የሲስተም ውህደት,የቴሌብር እና የኢትዮጵያ አየር መንገድ የሲስተም ውህደት,ቴክኖሎጂ
https://www.youtube.com/watch?v=bGezb67gosU,ሁሌ አዲስ ቆንጆ ህልም,ቆንጆ ህልም ከቀስተዳመና ጋር ሁሌ ከእንቅልፍዎ ነቃ በአዲስ ብርታት መንፈስ ጋር።,መዝናኛ
https://www.youtube.com/watch?v=5XeV3fMDMbc,አኳ ለሁሉ ዉሃ,አኳ ለሁሉ ዉሃ,አካልብቃት
https://www.youtube.com/watch?v=5j5YYizlH4Y,የ በጀት አመት እቅዳችንን በስኬት አጠናቀናል,የ በጀት አመት እቅዳችንን በስኬት አጠናቀናል ኢትዮቴሌኮም,አንቂንግግር
https://www.youtube.com/watch?v=0zE235W_vq0,ነጋዴ ከ ወኪል ገንዘብ እንዴት ማውጣት እንደሚቻል,ከ ወኪል ገንዘቦችን እንዴት ማውጣት እንደሚቻል ላይ መመሪያ እዚህ አለ በጋራ ወደፊት ሳፋሪኮም,መዝናኛ
https://www.youtube.com/watch?v=Afwk6yuBczo,ቢጂአይ የትምህርት ፕሮገራም,የመጀመርያው የቢጂአይ ኢትዮጵያ ኢንተርንሺፕ ፕሮግራም መግቢያ ዝግጅት በአዲስ አበባ ዩኒቨርሲቲ ኤፍቢኤ ካምፓስ  ተማሪዎችን በመያዝ ዛሬ ቅዳሜ ተካሂዷል ተማሪዎች,አንቂንግግር
https://www.youtube.com/watch?v=xq-MhrnqK7c,የውሀ እርዳታ ዘላቂ ውሀ ሳኒቴሽን እና ንፅህና ዋሽ ፕሮግራም,ከውሀ ጋር በተያያዙ የጣልቃ ገብነት ተግባራት መካከል ዋተር ኤይድ ኢትዮጵያ በገጠር ክልሎች የሚተገበረውን ዘላቂ የውሀ ሳኒቴሽን እና ንፅህና ዋሽ ፕሮግራም ከፍተኛ ትኩረት ሰጥቷል,ጤና 
https://www.youtube.com/watch?v=wACz0HI8koc,ዳሽን ቢራ,ዳሽን ቢራ ለአለም ዋንጫ,ስፖርት 
https://www.youtube.com/watch?v=BETvT1fgZww,ፋሲካ የ ልጆች መዋያ ና መንከባከቢየያ በኢትዮጵያ,ፋሲካ የህፃናት ማቆያ በአዲስ አበባ የሚገኝ ሲሆን በሱሚት እና ጀሞ  ቅርንጫፍ አለው ጥራት ያለው አገልግሎት ለህብረተሰቡ መጥተው መዋእለ ህፃናትን ይጎብኙ,ልጆች 
https://www.youtube.com/watch?v=zxUmv3DVlK8,የጥራት መረጃ ማእከል  ፒተር ራባካል,ኔትወርክን በምንገነባበት ጊዜ ምርጡን የቴሌኮም ቴክኖሎጂ ወደ ኢትዮጵያ በማምጣት ጓጉተናል አዲስ አበባ በሚገኘው የመጀመሪያ የመረጃ ማእከል  ሚሊዮን ዶላር ኢንቨስት አድርገናል,ሳይንስ እና ቴክኖሎጂ
https://www.youtube.com/watch?v=Uy0zG0nVjpU,የኢትዮ ቴሌኮም የ በጀት አመት መጀመሪያ መንፈቅ አመት የስራ አፈፃፀም ማጠቃለያ ሪፖርት,የኢትዮቴሌኮም የ በጀት አመት መጀመሪያ መንፈቅ አመት የስራ አፈፃፀም ማጠቃለያ ሪፖርት,ሳይንስ እና ቴክኖሎጂ
https://www.youtube.com/watch?v=d8-ticz8Ayw,ቀስተደመና,ቀስተደመና በረመዳን ጾም የአፍጥር ግብአቶችን ለተቸገሩ ሰዎች አበርክቷል, መዝናኛ
https://www.youtube.com/watch?v=UlbU8yf9-yo,ሳፋሪኮም ኢትዮፕያ,ዘሌማን ኮሙዩኒኬሽንስ ማስታወቂያ እና ፕሮዳክሽን ሀየተየግማ በጉዞአችን ውስጥ ቁልፍ የንግድ አጋር ሆኖ ስራችንን ስናዘጋጅ ነው ትብብሩ በእውቀት ሽግግር እና ልምድ ልውውጥ እንዲሁም በኩባንያው ባለፉት ሁለት አመታት ውስጥ ጉልህ እድገትን ከማሳየት አንፃር ሊለካ የማይችል እሴት ፈጥሯል ብለን እናምናለን,ሳይንስ እና ቴክኖሎጂ
https://www.youtube.com/watch?v=9CtuOP467o0,ልጃገረዶች የማብቃት ፕሮጀክት,በትምህርት የሴቶች የማብቃት ፕሮጀክት ጂጂፒ ሴቶች እና ልጃገረዶች የስርአተፆታ አድልዎ እንዲያሸንፉ አቅማቸውን እንዲገነዘቡ እና በማህበረሰባቸው ውስጥ የመሪነት ሚና እንዲኖራቸው ይረዳል,አንቂንግግር
https://www.youtube.com/watch?v=H4otX6qHKlE,የ ሳፋሪኮም መጀመር ምርቃት ቀጥታ ስርጭት,ከጉዟችን መጀመሪያ ጀምሮ ከእኛ ጋር እዚህ ነበራችሁ ከምርቃት ዝግጅታችን የተወሰኑትን ይመልከቱ አንድ ላይ ወደፊት ሳፋሪኮም,አንቂንግግር
https://www.youtube.com/watch?v=iEyYQOjidvc,ኢንዶሚ,የኢንዶሚ ማስታወቂያ,ልጆች
https://www.youtube.com/watch?v=V9g4hymx0bg,ንብ ቸኮሌት,የንብ ቸኮሌት ማስተዋወቂያ, ልጆች
https://www.youtube.com/watch?v=wLS5WZVBU8Y,ጊዮርጊስ ቢራ,ከበአል ገበታ  ከወዳጅ ጨዋታ አንድም ሰው ሳይቀር ሙሉ በአል  ሙሉ ደስታ,መዝናኛ
https://www.youtube.com/watch?v=UUhA6jzOo88,ጊዮርጊስ ቢራ የአርበኞች ቀን,ትላንት ለነፃነታችን  ዛሬ ለደሀንነታችን የቁርጥ ቀን ጀግኖቻችን  አርበኞቻችን,አንቂ ንግግር 
https://www.youtube.com/watch?v=eTSahi-ulEA,ጊዮርጊስ ቢራ  ከቤትዎአይውጡ  ደሀንነትዎንከቤትዎ,በኮሮና ቫይረስ ምክንያት ብዙዎቻችን ደሀንነታችንን ለመጠበቅ በቤታችን ከትመናል ቢጂአይ ኢትዮጵያም ምርቶቹን ከአስፈላጊ ጥንቃቄ ጋር በየደጃችን አቅርቦልናል ስድስት የቅዱስ ጊዮርጊስ ቢራ የሚዘውን አንድ እሽግ ከነጠርሙሱ እና ከነቫቱ በ ብር ብቻ ይዘዙ,መዝናኛ
https://www.youtube.com/watch?v=0as-jFWF9YU,ቀስተ ደመና ፎም,ቀስተ ደመና ፎም ስፖንጅ እረፍት,ጤና
https://www.youtube.com/watch?v=zBlV_TUnNU0,ኤን ኤች ዋይ አስመጪና ላኪ የወይን ማስታወቂያ,የወይን ንግድ ለኤንኤችዋይ አስመጪ እና ላኪ ኢትዮጵያ,አርት
https://www.youtube.com/watch?v=rEy8e-dF3xI,የ የመጀመሪያው አረቄ መደብር,አረቄ መደብር,መዝናኛ 
https://www.youtube.com/watch?v=Z82c1gfBgeA,ኢትዮጵያ  ዲግሪ ቪዲዮ,ኢትዮጵያን እንወቅ,መዝናኛ 
https://www.youtube.com/watch?v=NrmbNiPxsBg,ከቀስተደመና ስጦታ ለእርሶ,መልካም ገና ለእናንተ እና ለምትወዷቸው በዚህ የበአል ሰሞን በጣም የደስታ ስሜት እንዲሰማዎት ለማድረግ ቅናሾች አሉን,መዝናኛ 
https://www.youtube.com/watch?v=F74YCrQiFhg,ሳይንከራተቱ ሳይጉላሉ የድህረክፍያ የኤሌክትሪክ ፍጆታ ሂሳብዎን ካሉበት ሆነው በቀላሉ በቴሌብር ይክፈሉ,ሳይንከራተቱ ሳይጉላሉ የድህረክፍያ የኤሌክትሪክ ፍጆታ ሂሳብዎን ካሉበት ሆነው በቀላሉ በቴሌብር ይክፈሉ ቴሌብር የዘመናችን ታላቅ ትሩፋት ቀለል ቀልጠፍ ላለ ህይወት ቴሌኮም,ቴክኖሎጂ
https://www.youtube.com/watch?v=zxrSO1zMyPY,የራስዎን ጥቅል ይፍጠሩ,በማይ ኢትዮቴል መተግበሪያ የቀረበውን የምርጫዬ ጥቅል በመጠቀም የራስዎን የዳታ የድምፅ  እና አጭር የፅሁፍ መልእክት ጥቅል በቀላሉ እንዴት ማዘጋጀት እንደሚችሉ ከቪዲዮው ይመልከቱ የተሻሻለውን ማይ ኢትዮቴል መተግበሪያ ከ   ወይም    በማውረድ አገልግሎቱን በቀላሉ ይጠቀሙ,ቴክኖሎጂ 
https://www.youtube.com/watch?v=kYC7WpBhTOs,የሮፍናን ኮንሰርት,በሀገሪቱ ውስጥ ትልቁን ትርኢት እንዴት እንደሰራን የቡድን ክስተት የክስተት ፕሮዳክሽን የክስተት ዲዛይን የክስተት ድምፅ ስርአት,መዝናኛ 
https://www.youtube.com/watch?v=hBbV5vXefrs,ኤም ብር,ኤም ብር,ሳይንስ እና ቴክኖሎጂ
https://www.youtube.com/watch?v=JHjzqKH2Qbc,የትዝታው ንጉስ,የትዝታው ንጉስ,መዝናኛ
https://www.youtube.com/watch?v=oawMe4vOpIE,ልዩ ስጦታ ለሚወዷቸው,ልዩ ስጦታ ለሚወዷቸው ማቀዝቀዣ ጄል ያላቸው ምቹ የአንገት መደገፊያ ትራሶችን ይሸምቱና ሰላሞን ያግኙ,ጤና
https://www.youtube.com/watch?v=gLs2fyADV-A,መልካም ፋሲካ ጊዮርጊስ ቢራ,ባለንበት በደስታ እንሰንብት ከአይን ቢረቁ ከልብ አይጠፉ በመተባበር እንሻገር መልካም ፋሲካ,መዝናኛ
https://www.youtube.com/watch?v=OQsbtdKI6ts,በጥቅምት አንድ አጥንት የስጋ እና የቢራ ፌስቲቫል,በጥቅምት አንድ አጥንት አመታዊ ልዪ የስጋ እና የቢራ ፌስቲቫል ከቢጂአይ ቤተሰብ ጋር በጥቅምት  እና  ከቀኑ  ሰአት ጀምሮበኢግዚብሽን መአከል, ምግብ
https://www.youtube.com/watch?v=yFrwdhHBVrA,ሳፋሪኮም ሴቶች የመጀመሪያ  ኪሎ ሜትር ሩጫ  ሜላት ግርማ,የሰው ሀብት ቢዝነስ አጋር ስራ አስኪያጅ ሜላት ግርማ ለ የሳፋሪኮም ሴቶች የመጀመሪያ  ኪሎ ሜትር ሩጫ የስልጠና ምክሮችን ታካፍላለች ለአስደሳች ተሞክሮ እሷን እና የተቀረውን ቡድን በማርች   ይቀላቀሉ በርቺ ,አካልብቃት 
https://www.youtube.com/watch?v=O0CeGQZGP-0,አኒሜሽን እና የእንቅስቃሴ ግራፊክስ ንድፍ,ዲ አኒሜሽን መግቢያ የንግድ ገፀ ባህሪ የታነመ ርእስ የፊልም እንቅስቃሴ ግራፊክስ ማንኛውም የምርት ስም በኒሻን ግብይት እና ማስታወቂያ,ቴክኖሎጂ
https://www.youtube.com/watch?v=_PZlqI3oKm4,ፓናች ቢራ,አዎን ፓናች ቢራ መላ አለው ለጥም ግጥ አዎንፓናሽ ቢራ መላ አለው,ስፖርት
https://www.youtube.com/watch?v=ePwzHf0et3s,የዲጂታል ተጠቃሚነትን ለማረጋገጥ የ  አቅርቦት ስምምነት,የደንበኞቻችንን ፍላጎት መሰረት ያደረጉ ጥራታቸውን የጠበቁ የቴክኖ ስልኮችን በሀገር ውስጥ በመገጣጠም በተመጣጣኝ ዋጋ በማቅረብ የዲጂታል ተጠቃሚዎችን ቁጥር ለማሳደግ ከቴክኖ ሞባይል እና ትራንሲዮን ማኑፋክቸሪንግ ጋር ስምመነት ፈፅመናል ዲጂታልኢትዮጵያን እውን በማድረግ ላይ,ቴክኖሎጂ
https://www.youtube.com/watch?v=TvkY-pkO_M8,የኢትዮ ቴሌኮም ሞጁላር መረጃ ማእከል ስራ ማስጀመሪያ ስነስርአት,ኩባንያችን  የቴሌኮም አገልግሎቱን ተደራሽ ለማድረግ በዘረጋቸው መጠነ ሰፊ መሰረተ ልማቶች አማካኝነት በሚሊዮኖች ለሚቆጠሩ የቴሌኮም ደንበኞቹ አገልግሎት እየሰጠ መሆኑ ይታወቃል ከዚሁ ጋር በተያያዘ  በከፍተኛ ደረጃ የሀይል ፍጆታን የሚቀንስ በቀላሉ ፍላጎትን ተከትሎ ሊስፋፋ የሚችልና ፈጣን የሲስተም ተከላ ለማድረግ የሚያስችለውን ዘመናዊ የሞጁላር መረጃ ማእከል    ግንቦት  ቀን  አም አስጀምሯል,መዝናኛ
https://www.youtube.com/watch?v=RxgmeHREpMs,ብሩህ ትውልድ በዲጂታል ቴክኖሎጂ የታገዘ የትምህርት ፕሮግራም,ኩባንያችን የትምህርት ስርአቱን በዲጂታል ቴክኖሎጂ ለማገዝ ከጌትፋክት ኢትዮጵያ ጋር የዲጂታል መማሪያ ማእከላትን በጋራ በመጠቀም የተለያዩ ስልጠናዎችን ለከፍተኛ ሁለተኛ ደረጃ ተማሪዎች በትብብር ለመስጠት የሚያስችል ብሩህ ትውልድ   የተባለ የትምህርት ፕሮግራም በጋራ ለማካሄድ የትብብር ስምምነት ተፈራረመ,ልጆች 
https://www.youtube.com/watch?v=guXe96qqLlc,ድንበር ተሻጋሪ የትብብር ፕሮግራም, የጀርመን መንግስትን ወክሎ የሚሰራ የጀርመን የህዝብ ተጠቃሚ ኩባንያ ነው እንደ የጀርመን ልማት ትብብር አካል  የአጋሮችን የልማት ግቦችን ለመደገፍ ፕሮጀክቶችን ያካሂዳል የድንበር ተሻጋሪ የትብብር መርሀ ግብር በምእራብ ኢትዮጵያ እና በምስራቅ ሱዳን ሲቢሲኤስ የምርት ዋጋን በማሳደግ የተሻለ ገቢ በፕሮግራሙ የተሰሩ አንዳንድ ስራዎችን ለማሳየት አንድ ገላጭ ቪዲዮ ሰርተናል,ቴክኖሎጂ
https://www.youtube.com/watch?v=MLc_NRvWHU0,ከወኪሎች ገንዘብ ለማውጣት,ኤም ብርን በመጠቀም ከወኪሉ እንዴት ገንዘብ ማውጣት እንደሚችሉ መመሪያ እዚህ አለ በጋራ ወደፊት ሳፋሪ ኮም, ቴክኖሎጂ
https://www.youtube.com/watch?v=Qs89zKdcNXM,የሲክ ባንክ ጉዳይ ጥናት,የሲንቄ ባንክ ብራንድ ማስጀመርን እንዴት እንደፈፀምን, ቴክኖሎጂ
https://www.youtube.com/watch?v=MLoL2-ofJSk,ቅዱስ ጊዮርጊስ ቢራ,እንቁጣጣሽ በአገርቤትና በውጭ የምትገኙ ውድ ኢትዮጵያን በሙሉ እንኳን ለአዲሱ አመት አደረሳችሁ አዲሱ አመት የሰላም የብልፅግና የስኬታና የፍቅር ዘመን እንዲያደርግልላችሁ ከልብ እንመኛልን ቢጂአይ ኢትዮጵያ,መዝናኛ 
https://www.youtube.com/watch?v=uGLLgd30R0k,ኢድ ሙባረክ,የተቀደሰው የረመዳን ወር ሲቃረብ ቡድናችን ለእርስዎ እና ለቤተሰብዎ ምኞቱን ያስተላልፋል ሳፋሪኮም,መዝናኛ 
https://www.youtube.com/watch?v=nW-Mhm_BsMY,5ጂ ማስጀመሪያ ፕሮግራም,በሸራተን አዲስ የ5ጂ ማስጀመሪያ ዝግጅት እየተካሄደ ነው,ሳይንስ እና ቴክኖሎጂ
https://www.youtube.com/watch?v=Kw60z9DiesE,የኛ አመት ግምገማ  ድምቀቶች,ባሳለፍነው አመት ያሳየነውን እድገት እያሰላሰልን በጋራ መሰራቱ የጉዞው ዋና አካል ነው ሳፋሪኮም,መዝናኛ 
https://www.youtube.com/watch?v=_lI5NoRPpVY,ባላገሩ ቢራ,ባላገሩ ቢራ,መዝናኛ 
https://www.youtube.com/watch?v=buDlXiJCvLg,ቴሌብር ሀዋላ,በቴሌብር ሀዋላ ገንዘብ ይቀበሉ በስጦታዎቻችን ይደሰቱ,ሳይንስ እና ቴክኖሎጂ
https://www.youtube.com/watch?v=pPkjHdxfh5U,ቅዱስ ጊዮረጊስ ቢራ ዘጋቢ ቪዲዮ ከግርጌ ፅሁፎች ጋር,ይህ ቪድዮ በቢ ጂ አይ ኢትዮጵያ ባለፉት  አመታት ያከናወናቸውን የአክብሮት ተግባራት ከብዙ ጥቂቱን ያሳያል,መዝናኛ 
https://www.youtube.com/watch?v=sHi3eoI8-Rs,የአቮካዶ ዘይት, በደቡብ እስያ እና በኢትዮጵያ ክልል ላይ የተመሰረተ የአቮካዶ ዘይት ማውጣት ላይ ሙያዊ እውቀት ያለው ወጣት በቤተሰብ የሚመራ ኩባንያ ነው  በመካከለኛው እስያ እና  ክልል ውስጥ የትምህርት መፅሀፎችን በማተም እና በማሰራጨት ረገድ የ አስርት አመታት ልምድ ያለው የባለብዙልዩነት ቡድን አዲሱ አባል ነው,ምግብ
https://www.youtube.com/watch?v=q_bEGPZ--LQ,ጊዮርጊስ ቢራ ዘጋቢ ቪዲዮ,ይህ ቪድዮ በቢ ጂ አይ ኢትዮጵያ ባለፉት  አመታት ያከናወናቸውን የአክብሮት ተግባራት ከብዙ ጥቂቱን ያሳያል,መዝናኛ
https://www.youtube.com/watch?v=zCK-1pL0eZs,የተማሪዎች ጥቅል ሳፋሪኮም,ከመደበኛ ጥቅሎቻችን እስከ  ቅናሽ የተደረገበት እንዲሁም የጥቅሉን  ተጨማሪ ስጦታ ያለውን አዲሱን ልዩ የተማሪ ጥቅል ሁሉም የዩኒቨርሲቲ እና የኮሌጅ ተማሪ የራሱ ሊያደርገው ይገባል ጥቅሉን ለመግዛት የኮሌጅ ወይም የዩኒቨርሲቲ  መታወቂያዎ ይዘው የሽያጭ ማእከሎቻችንን ይጎብኙ,ልጆች 
https://www.youtube.com/watch?v=-NkUmWdeCqQ,ኛ ምልክት ማድረግ  የማህሌት  የሱራፌል ታሪክ,ቡድናችንን እየገነባን ነው እያደግን ነው በጠዋቱ ከመዘጋጀት ጀምሮ የመጀመሪያ እይታዎችን ወደ ምስማር   ኛ የገበያ ችሎታችንን ጉዞ ይከተሉ ማህሌት ማኔጀር ኖክ አይቲ እና ሳይበር ደህንነት እና ሱራፌል የምርት ስፔሻሊስት,ሳይንስ እና ቴክኖሎጂ
https://www.youtube.com/watch?v=-DYv4WvdhHE,የራስዎን የጥቅል አገልግሎት ይፍጠሩ,የምርጫዬ ጥቅል በመጠቀም የራስዎን የዳታ የድምፅ እና አጭር የፅሁፍ መልእክት ጥቅል በቀላሉ ይግዙ,መዝናኛ
https://www.youtube.com/watch?v=RjR-oIJFtu0,የቴሌብር ፋይናንስ አገልግሎት ይፋዊ ማብሰሪያ ስነስርአት ላይ አቶ አስፋው አለሙ የዳሸን ባንክ ዋና ስራ አስፈፃሚ ያስተላለፉት መልእክት,የቴሌቢር ፋይናንሺያል አገልግሎት ማስጀመሪያ ዝግጅት,ሳይንስ እና ቴክኖሎጂ
https://www.youtube.com/watch?v=hc1iYJPsCmQ,አድማሳችንን ማስፋት  የምረቃ ፕሮግራምን ያግኙ ሳፋሪኮም,ለመጀመሪያዎቹ የግኝት ምረቃ ፕሮግራሞቻችን ሞቅ ያለ አቀባበል ሞካያ ሞካያ ዋና የሰው ሀይል ፅቤት ስለጉዞው እና ከፕሮግራሙ ምን እንደምንጠብቅ ይናገራል,መዝናኛ ቴክኖሎጂ
https://www.youtube.com/watch?v=hLJVNFqi9bY,ስንቅ ማልት,ከሚሰጥ ልብ ላይ ከሚያካፍል መዳፍ እርካታ እና ደስታን በአንድ አወዳጅቶ ማጋራትን ብቻ ከሚያውቀው ጓዳ በፍቅር የተሰናዳ,ምግብ 
https://www.youtube.com/watch?v=25K66g8nnlo,ቢጂአይ ኢትዮጵያ ጊዮርጊስ ቢራ,ለመጀመሪያው እድለኛ ተሸላሚ አቶ ተስፋዬ እንኳን ደስ አሎት የአይቪኮ ትራከር መኪናውን ከቢጂአይ ሽልማት በእጃቸው አስገቡ ታዲያ ከፈት ጉንጭት እርክትቆርኪውን ፋቅ  ወር ሙሉ ሽልማት በሽልማት ለእናንተም መልካም እድል ከቢ ጂ አይ ቤተሰብ,መዝናኛ 
https://www.youtube.com/watch?v=WKydUoO6cmg,ቅዱስ ጊዮርጊስ ቢራ,እንኳን ደስ አላችሁ ለውድ የቅዱስ ጊዮርጊስ ቢራ ደንበኞች የቢጂአይ ሽልማት በእጃቸው አስገቡ ታዲያ ከፈት ጉንጭት እርክትቆርኪውን ፋቅለእናንተም መልካም እድል ከቢ ጂ አይ ቤተሰብ,ስፖርት
https://www.youtube.com/watch?v=WDGIFvFOtUM,ደንበኞችን  ላይ ለማስመዝገብ,ደንበኞችን  ላይ የምንመዘግበው እንደዚህ ነው,ሳይንስ እና ቴክኖሎጂ
https://www.youtube.com/watch?v=pZXI2NLibeE,ቅዱስ ጊዮርጊስ ቢራመልካም በአል,ከጥምቀት በአል ገበታ  ብዙ ሳቆች  እልፍ ደስታ መልካም በአል, አርት
https://www.youtube.com/watch?v=wtZTwb0iAGk,የድህረ ምረቃ ፕሮግራምን ያግኙ መቋቋም,ቡድናችንን እየገነባን ነው እናም የኛ ግኝቶች ተመራቂዎች ፕሮግራማችን አካል የመሆን ከፍተኛ ፍላጎት በመኖሩ በጣም ደስ ብሎናል በአንደኛ ቡድን ውስጥ  ትኩስ ተመራቂ አመልካቾችን ተቀብለናል ሞካያ ሞካያ ዋና የሰው ሀይል ኦፊሰር በምርጫው ሂደት ውስጥ በተካተቱት የተለያዩ ሂደቶች ውስጥ ይመራናል በመስመር ላይ ግምገማዎችን የሚያጠናቅቁ እጩዎች በስልክ እና በኢሜል ይገናኛሉ ስለ   ፕሮግራም የበለጠ ለማወቅ ቪዲዮውን ይመልከቱ,ልጆች
https://www.youtube.com/watch?v=A459bbfy1Eo,የኛው ትውልድ ኔትወርክ ለኢትዮጵያ በኢትዮ ቴሌኮም,ኢትዮ ቴሌኮም የኛውን ትውልድ ኔትወርክ በአዲስ አበባ ማስጀመሪያ ፕሮግራም,ሳይንስ እና ቴክኖሎጂ
https://www.youtube.com/watch?v=xgorAdEiIKY,በምንም ሁኔታ የማይለወጥ ምቾት ቀስተደመና ስፖንጅ,በምንም ሁኔታ የማይለወጥ ምቾት,መዝናኛ 
https://www.youtube.com/watch?v=3Hqk-316bns,ከ ዋሊን ቢራ ምርት ጅምር ጋር,ከ ዋሊን ቢራ ምርት ጅምር ጋር,ስፖርት
https://www.youtube.com/watch?v=BiuxEOnbKo4,አላማችንን ማጠናከር  የቮዳፎን ቡድን አመራር ጉብኝት ሳፋሪኮም,የቮዳፎን ቡድን ልኡካን በዋና ዋና መስሪያ ቤታችን በ   ሰልጣኞች እና በአመራር ሴቶች መካከል በይነተገናኝ ቆይታ አድርገዋል በጋራ ወደፊት,ሳይንስ እና ቴክኖሎጂ
https://www.youtube.com/watch?v=SBWB7prSCs4,ቶፕ የታሸገ ውሀ በኢትዮጵያ,ቶፕ የታሸገ ውሀ በኢትዮጵያ,አካልብቃት 
https://www.youtube.com/watch?v=rgG-zLNsni8,ለቤተሰቦቻችን የተዘጋጀ የገና ስጦታ ስማርት ሰአት ኤር ፖድ እና በርከት ያሉ የአሻምቴሌ ነጥቦች,በልደት በስጦታው በአል ገና እናንተ ቤተሰቦቻችን ለመሸለም የተዘጋጀ ተጨማሪ ውድድር  ውርርድ በዩቲዩብ ኢትዮቴሌኮም,መዝናኛ
https://www.youtube.com/watch?v=jnk6YeiwI9E,ከ  ገንዘብ ለማውጣት,ን በመጠቀም ከኤቲኤም እንዴት ገንዘብ ማውጣት እንደሚችሉ መመሪያ አለ በጋራ ወደፊት,ሳይንስ እና ቴክኖሎጂ
https://www.youtube.com/watch?v=xVDc2Nu1hG0,የቴሌብር ደንበኛን ደረጃ ለማሳደግ,የቴሌብር ደንበኛን ደረጃ ለማሳደግ ኢትዮቴሌኮም,ሳይንስ እና ቴክኖሎጂ
https://www.youtube.com/watch?v=hilwjn8hf6M,ባለገመድ ብሮድባንድ ኢንተርኔት አገልግሎት ኢትዮቴሌኮም,ባለገመድ ብሮድባንድ ኢንተርኔት አገልግሎት በታላቅ ቅናሽ ቀረበልዎ,ሳይንስ እና ቴክኖሎጂ
https://www.youtube.com/watch?v=uBGV_KVRsjc,ድንበር ተሻጋሪ የትብብር ፕሮግራም,የጀርመን መንግስትን ወክሎ የሚሰራ የጀርመን የህዝብ ተጠቃሚ ኩባንያ ነው እንደ የጀርመን ልማት ትብብር አካል  የአጋሮችን የልማት ግቦችን ለመደገፍ ፕሮጀክቶች ተካሂደዋል,ሳይንስ እና ቴክኖሎጂ
https://www.youtube.com/watch?v=h3PMIhyrLP4,ካስቴል ቢራ,በጣም ጥሩ እና ቆንጆ ቢራዎች ከጓደኞች እና ከሚወዷቸው ጋር የሚጠጡ ናቸው  ከፕሪሚየም ካስቴል ቢራ ጋር መልካም ቅዳሜና እሁድ ይሁንላችሁ ማደስ ስም አለው ከ አመት በላይ ለሆኑ ብቻ ቺርስ,ስፖርት
https://www.youtube.com/watch?v=ICzajGSf7hQ,መልካም ሁን መልካም ስራ,ቀስተደመና ፍራሽ,መዝናኛ
https://www.youtube.com/watch?v=d_TEfGfqfLM,በነዳጅ ማደያዎች በቅልጥፍና ለመስተናገድ ማድረግ ያለብዎት,ኢትዮቴሌኮም,መዝናኛ 
https://www.youtube.com/watch?v=PPrriVsA6jY,በጥሪ መለያ   አገልግሎታችን ራስዎን ወይም ስሜትዎን ይግለፁ,ስለራስዎ ስለስራዎ ወይም ስሜትዎን ስልክ ሲደውሉ ወይም ሲደወልልዎ ቀድሞ በሚደርስ መልእክት በጥሪ መለያ አገልግሎት ይግለፁ,መዝናኛ 
https://www.youtube.com/watch?v=xgmivIbPWhA,የ ሳፋሪኮም ሴቶች የመጀመሪያ  ኪሎ ሜትር ሩጫ  ማድመቅ,እንዴት ያለ አስደናቂ ቀን ነበር ስለወጡን እና እንድንንከባከብ አስደናቂ ጊዜዎችን ስለሰጡን ለሁሉም ሰው ትልቅ ምስጋና ይገባቸዋል የ    ሩጫ ካመለጣችሁ አንድ ድምቀት እነሆ እስከሚቀጥለው ጊዜ በርቺ,አካልብቃት 
https://www.youtube.com/watch?v=XqhCj4BlfgY,ወኪል  ከእርስዎ  የስራ መለያ ወደ ተንሳፋፊዎ ገንዘብ እንዴት እንደሚወስዱ,ከ የስራ መለያዎ ወደ ተንሳፋፊዎ ገንዘብ እንዴት ማንቀሳቀስ እንደሚችሉ መመሪያ እዚህ አለ ሳፋሪኮም  በጋራ ወደፊት,ሳይንስ እና ቴክኖሎጂ
https://www.youtube.com/watch?v=Rj0B0r-uvNg,ለወኪሉ ገንዘብ ገቢ ለማድረግ,ለወኪሉ ገንዘብ ገቢ ለማድረግ,መዝናኛ
https://www.youtube.com/watch?v=1v0gxD1-Fjk,ማራኪ መጅሊሶች በሚፈልጉት የዲዛይን ምርጫ ከቀስተዳመና,ለረመዳን እቤቶን ማስዋብ አስባዋል እንግዲያውስ ወደኛ ይምጡ ጥራትን ከምቾት ያጣመሩ ውብ እና ማራኪ መጅሊሶች በሚፈልጉት የዲዛይን ምርጫ ከቀስተዳመና ለናንት,ሳይንስ እና ቴክኖሎጂ
https://www.youtube.com/watch?v=ZURV5ldRswM,የዘቢዳር ቢራ ፋብሪካ ጉብኝት,ቢጂአይ ኢትዮጵያ የሽያጭ ክፍል ከአዲስ አበባ የዘቢዳር ቢራ ፋብሪካን ለመጎብኘት ትልቅ እድል ነበረው ያሳለፍነውን አስደናቂ ጊዜ ለማየት አጭር ቪዲዮውን ይመልከቱ,መዝናኛ
https://www.youtube.com/watch?v=uIuHyV6Vx1c,የህብረት ባንክ ቴሌቪዥን ማስታወቂያ,ሂበርት ባንክ ቀልጣፋ አገልግሎት አሰጣጥን በማረጋገጥ ደንበኞቹን እና ሌሎች ባለድርሻ አካላትን ከሚጠበቀው በላይ ለማድረግ ቁርጠኛ ነው ይህ በ  የተዘጋጀው አዲሱ የቲቪ ማስታወቂያ ነው,መዝናኛ 
https://www.youtube.com/watch?v=AWyLLs5fio4,የኦሮሚያ ገቢዎች ቢሮ ግብር እና ቀረጥ ክፍያ በቴሌብር,ግብር ለሀገር ክብር ዲጂታል ኢትዮጵያን እውን በማድረግ ጉዟችን ቀጣይ ምእራፍ ከኦሮሚያ ክልል ገቢዎች ቢሮ ጋር በጋራ በመሆን ግብር እና ቀረጥ ክፍያዎችን በቴሌብር ለመሰብሰብ የሚያስችል አሰራርን ተግባራዊ አድርገናል        ,መዝናኛ 
https://www.youtube.com/watch?v=6jDxDv8x5Ag,የጋራ የወደፊት ሁኔታን መቅረፅ  አንድ ላይ ወደፊት,ከአዳማ የመጣው ወልደትንሳኤ አደመ በአጋርነት የእድገት ታሪካቸውን እና ቴክኖሎጂ እና ተያያዥነት ሙያውን እንዴት እንዳሳደገው ያጫውታል ወደፊት በአንድነት,መዝናኛ 
https://www.youtube.com/watch?v=pz6RM8K9HoE,የገና የአየር ሰአት ስጦታ,ውሎችን እና ሁኔታዎችን ለማንበብ ከዚህ በታች ያለውን አገናኝ ጠቅ ያድርጉ,መዝናኛ 
https://www.youtube.com/watch?v=bPBrVGIYOQE,ኢትዮ ቴሌኮም ጂ ቢቲኤስ ተጀመረ,ኢትዮ ቴሌኮም ከአዲስ ገቢዎች ፉክክር ቀደም ብሎ ግንቦት  የጂ የሞባይል ስልክ አገልግሎትን ጀመረጂ ለታዳጊ ቴክኖሎጅዎች እንደ እራስ አሽከርካሪዎች እና በስማርት መሳሪያዎች መካከል ግንኙነት እና ትስስር እንዲኖር ያስችላል ተብሏል ከጂ ቢያንስ  እጥፍ የፈጠነ የመረጃ ፍጥነት ያቀርባል የኢትዮ ቴሌኮም ይፋዊ የዝግጅት አጋር እንደመሆኑ ዘላለም ሚዲያ የመድረክ አደረጃጀቱን በማዘጋጀት የይዘቱን አፈጣጠር ተቆጣጠረ ከዚያም ቡድኑ በሸራተን አዲስ ሆቴል ሙሉውን የመድረክ የታጠፈ እና የኤልዲ ስክሪን ሰርቷል,መዝናኛ
https://www.youtube.com/watch?v=xWf38-eX0VU,የኢንዱስትሪ ፓርክ ሰራተኞች ምልመላ ማግበር ፕሮግራም,በሀዋሳ ኢንዱስትሪ ፓርክ ያለውን የሰው ሀይል ፍላጎት ለማርካት ከመስመር በታች ያለው የዘላለም ሚዲያ ቡድን በተመረጡት የተፋሰስ ወረዳዎች እንደ አለታ ዋንዶ ወላይታ እና ሀዲያ ያሉ ወጣቶችን በማነሳሳት ለአንድ ወር የሚፈጅ የመንገድ ትርኢት በማዘጋጀት በአካባቢው የሚኖሩ ወጣቶችን በማነሳሳት ለሀዋሳ ኢንደስትሪ ፓርክ የሰራተኛ ሀይል ፍላጎትን ለማርካት ከስምምነት በታች ያሉት በፓርኩ ውስጥ ሲሰሩ የሚያገኙትን ጥቅም እና ግላዊ እድገት በማሳየት ከእኩዮቻቸው ጋር በመሆን በፓርኩ ውስጥ ይስሩ የማነቃቂያ ቡድኑ እውቀታቸውን እና ልምዳቸውን እንዲያካፍሉ በፓርኩ ውስጥ ሲሰሩ የነበሩ እና ወደ ቡድን መሪነት ወይም ሱፐርቫይዘርነት ደረጃ የተሸጋገሩ ልጃገረዶችን እንደ የምርት ስም አምባሳደር ተጠቅሟል,ሳይንስ እና ቴክኖሎጂ
https://www.youtube.com/watch?v=FCh-WgBMN50,ክብር ለጥበብ  የእውቅና ሽልማት መርሀ ግብር ስፖንሰር በማድረጋችን እና ተሸላሚ በመሆናችን ከፍተኛ ደስታ ይሰማናል,ለሀገራችንን አንጋፋ እና ወጣት የኪነ ጥበብ ባለሙያዎች እውቅና ሽልማት ለመስጠት የተዘጋጀውን ክብር ለጥበብ ስፖንሰር በማድረጋችን እና ተሸላሚ በመሆናችን ከፍተኛ ደስታ ይሰማናል,አርት
https://www.youtube.com/watch?v=vvwFh7fZ214,የቴሌብር ሱፐርአፕ ይፋዊ የማስጀመሪያ ስነስርአት,እልፍ ጉዳይ በአንድ መተግበሪያ የሚያከናውኑበት እንዲሁም ባዮሜትሪክስ የደህንነት ማረጋገጫን ጨምሮ ከበርካታ አዳዲስ ነገሮች ጋር አዲሱ የቴሌብር ሱፐርአፕ ይፋ የሆነበት ስነስርአት,መዝናኛ
https://www.youtube.com/watch?v=xnY8lqgoSkY,ኩባንያችን የትምህርት መርጃ መሳሪያ ድጋፍ ለሚሹ ተማሪዎች ድጋፍ አደረገ,ኩባንያችን በመላው ኢትዮጵያ ለሚገኙ  ትምህርት ቤቶች ከ በላይ ደብተሮች ለ ድጋፍ ለሚሹ ተማሪዎች የትምህርት መርጃ መሳሪያ ድጋፍ አደረገ ተማሪዎችን በትምህርት ግብአት መደገፍ ትውልድን መገንባት ነው,ሳይንስ እና ቴክኖሎጂ
https://www.youtube.com/watch?v=w2dcre5KTk8,ኢትዮቴሌኮም,የኩባንያችን የ አዲስ በጀት አመት እቅድ አዲስ ጅማሮ በአዲስ ተስፋ በአዲስ እይታ,ሳይንስ እና ቴክኖሎጂ
https://www.youtube.com/watch?v=D9xvB5bDmDc,ጉዞዎን በምቾት ያጣጥሙት  የቀስተ ደመና ሳፋሪ ተጣጣፊ ፍራሽ,የቀስተዳመና ምርት የሆነውን ሳፋሪን እናስተዋውቆ ቀላልና የትም ቦታ ይዘውት ሊሄዱ የሚችሉት ምቹ ፍራሽ ለጉዞም አልያም ልሽርሽር ተመራጭ ምርት ነው,መዝናኛ 
https://www.youtube.com/watch?v=XkmyO3xjWdk,ያለቀላቸዉ ምግቦች,ኢዲስቴላር ለመጀመሪያ ጊዜ በሀገር ውስጥ የተረጋገጠ የኢንዱስትሪ ማምረቻ ተቋም እንደመሆኑ መጠን ከስጋ እና ከዶሮ በፊት ያልተቀምሱ ምርቶችን ለደንበኞች ለማቅረብ ኢንቨስት አድርጓል,ምግብ
https://www.youtube.com/watch?v=y7pFPTbvHy8,ሲነቁ የምር ነቅተው ነው,ሲነቁ የምር ነቅተው ነው,አንቂንግግር
https://www.youtube.com/watch?v=S4caXO9r8Wk,ፍኖተ ቴሌኮም የቴሌቪዥን ፕሮግራም ነሀሴ,የኢትዮ ቴሌኮም የቴሌቪዥን ፕሮግራም,መዝናኛ 
https://www.youtube.com/watch?v=tlrbod1Nb0I,ቀስተ ደመና ፎም,ቀስተደመና ፎም,አንቂንግግር
https://www.youtube.com/watch?v=-TZRDGU_eG8,ሳፋሪኮም,አማን አሰፋ እና ተባባሪዎች የህግ ተቋም ቁልፍ ስራ ነበር ኢትዮጵያ ውስጥ ኦፕሬሽን ስናቋቁም የጉዟችን አጋር,አርት
https://www.youtube.com/watch?v=X7ZTBSNQmXQ,ቅዱስ ጊዮረጊስ ቢራ,ከክብራቸው አብልጠው ላከበሩን መልካም የአባቶች ቀን,መዝናኛ 
https://www.youtube.com/watch?v=si37Ib8jxFQ,ኢንዶሚ,ኢንዶሚ ፈጣን ምግብ,ምግብ 
https://www.youtube.com/watch?v=aRI02OUXlpQ,ኢትዮ ቴሌኮም,በአልዎን ለማድመቅ ወዳጅ ዘመድዎ ከውጪ ሀገር የሞባይል አየር ሰአት ሲሞሉልዎ የተሞላልዎን አየር ሰአት እጥፍ እንዲሁም የዳታ ጥቅሎችን በስጦታ እናበረክትልዎታለን,አርት
https://www.youtube.com/watch?v=P-7gZA21bGc,እንኳን ወደ አለማችን መጡ  ቀስተ ዳመና,እዚህ አካባቢ እንቅልፍ ከሚያስፈልገው በላይ ነው  ፍላጎት ነው, መዝናኛ
https://www.youtube.com/watch?v=NAq7sx5FpQk,ቀስተደመና ስፖንጅ,በዚህ የገና ብርሀን ግንኙነታችን ይጠንክር ትስስራችን ይጥበቅ,መዝናኛ
https://www.youtube.com/watch?v=M9z2QgNngZA,ንግድዎን እንዴት እንደሚያሳድጉ,ንግድዎን እንዲያሳድጉ የሚረዳዎትን ሰው እየፈለጉ ከሆነ ኒሻን ለሁሉም የግብይት ፍላጎቶችዎ ምርጥ ምርጫ ነው ዛሬ,ሳይንስ እና ቴክኖሎጂ
https://www.youtube.com/watch?v=z75K4p_9L8c,የሞጁላር ዳታ ሴንተራችን ቅኝት,የሞጁላር ዳታ ሴንተራችን ቅኝት በቴክቶክ ዊዝ ሶሎሞን,ሳይንስ እና ቴክኖሎጂ
https://www.youtube.com/watch?v=Eg_O-X2OyPU,ስንቅ ማልት መልካም የፋሲካ በአል,በእናት ልብ ሚዛን የውዶቿ ደስታ ይበልጣል ስንቅ ማልት  እንብላ መልካም የፋሲካ በአል,ምግብ
https://www.youtube.com/watch?v=z2ovvc3TTRk,ፍኖተ ቴሌኮም የቴሌቪዥን ፕሮግራም,የኢትዮ ቴሌኮም የቴሌቪዥን ፕሮግራም ኢትዮቴሌኮም,መዝናኛ 
https://www.youtube.com/watch?v=6YUaFd87D50,ጎፈረ አፍሮ ቢትስ ኮንሰርት,የጎፈረ አፍሮቢት ፌስቲቫል በሌክሶ ኢንተርቴይመንት አዘጋጅቶ በግዮን ሆቴል ተካሂዷል ታዋቂ የሀገር ውስጥ እና የውጭ ሙዚቀኞችን ያሳተፈ ሲሆን ብዙ ተገኝተው ቦታውን በመሸጥ ላይ ነበሩ አለም አቀፍ ተዋናዮች ዲሞንድ ፕላትነምዝ እና ሬይቫኒ ያካትታሉ እና የሀገር ውስጥ ድርጊቶች   እና  በተጨናነቀ ቤት ውስጥ ተጫውተው ታዳሚውን ወደ እብደት ዳርጓቸዋልበዘላለም ሚዲያ ቡድን የቀረበው የመድረክ ዲዛይን እና የቀጥታ እይታ አገልግሎት እጅግ በጣም ጥሩ ነበር ዋው ምክንያትን ወደ ትክክለኛው አሰላለፍ ጨምሯል,መዝናኛ 
https://www.youtube.com/watch?v=bwtTOyPGVB4,ኤም ብር የምዝገባ ዘመቻ,በኢትዮጵያ ውስጥ ወደ የትኛውም ቦታ ገንዘብ ለመላክ ፈጣኑ ምቹ እና አስተማማኝ መንገድ ነው እና ከሞባይል ስልክዎ በማንኛውም ጊዜ ቀንም ሆነ ማታ ሊደረግ ይችላል,ሳይንስ እና ቴክኖሎጂ
https://www.youtube.com/watch?v=3lETfSsrrwU,ኢትዮ ቴሌኮም,በተመረጠው ስልክ ቁጥር በኩል ስራ ለማስጀመር አክቲቬት ለማድረግ የሚጠበቁብን የሚከተሉት ብቻ ናቸው,ቴክኖሎጂ
https://www.youtube.com/watch?v=8L_A5Us1hKg,ፍኖተ ቴሌኮም የቴሌቪዥን ፕሮግራም,ኢትዮ ቴሌኮም ቲቪ ፕሮግራም,ቴክኖሎጂ 
https://www.youtube.com/watch?v=Rk1LopW4mFg,ለኢትዮጵያ ኮይሻ ራት ያደረግነው ቪዲዮ,ለኢትዮጵያ ኮይሻ ለራት ያደረግነው ቪዲዮ,መዝናኛ
https://www.youtube.com/watch?v=5TRLK9Tig2Y,ቅዱስ ጊዮርጊስ ቢራ,ከሱቅ የተዋስነውን ጠርሙስ እስካልመለስን የጠርሙሴን ጥሪ አያበቃም በአረንጓዴ ጠርሙስ አማራጭ የቀረበው ቅዱስ ጊዮርጊስ ቢራ ምርጫችሁ ይሁን,አርት